"ID","Severity","Status","CWE","Type","Tool","Location","Path","Line","Host"
"6981","Info","Escalated","398","Undeclared variables are global by default","PMD","carbon-master/pages/snippets.js:52-54","carbon-master/pages/snippets.js","52-54",""
"6982","Info","Escalated","","Use of ES6 extension","JSHint","carbon-master/pages/snippets.js:28","carbon-master/pages/snippets.js","28",""
"6983","Info","Escalated","","Unclosed regular expression","JSHint","carbon-master/pages/snippets.js:36","carbon-master/pages/snippets.js","36",""
"6984","Info","Escalated","398","Undeclared variables are global by default","PMD","carbon-master/pages/snippets.js:50","carbon-master/pages/snippets.js","50",""
"6985","Info","Escalated","398","Undeclared variables are global by default","PMD","carbon-master/pages/snippets.js:51","carbon-master/pages/snippets.js","51",""
"6986","Info","Escalated","398","Undeclared variables are global by default","PMD","carbon-master/pages/snippets.js:49","carbon-master/pages/snippets.js","49",""
"6987","Info","Escalated","398","Undeclared variables are global by default","PMD","carbon-master/components/BackgroundSelect.js:37","carbon-master/components/BackgroundSelect.js","37",""
"6988","Info","Escalated","398","Undeclared variables are global by default","PMD","carbon-master/components/BackgroundSelect.js:59","carbon-master/components/BackgroundSelect.js","59",""
"6989","Info","False Positive","","Missing semicolon","JSHint","carbon-master/components/BackgroundSelect.js:25","carbon-master/components/BackgroundSelect.js","25",""
"6990","Info","Escalated","398","Undeclared variables are global by default","PMD","carbon-master/components/BackgroundSelect.js:60","carbon-master/components/BackgroundSelect.js","60",""
"6991","Info","False Positive","","Expected an identifier and saw a reserved word","JSHint","carbon-master/components/BackgroundSelect.js:18","carbon-master/components/BackgroundSelect.js","18",""
"6992","Info","False Positive","","Class properties must be methods","JSHint","carbon-master/components/BackgroundSelect.js:17","carbon-master/components/BackgroundSelect.js","17",""
"6993","Info","False Positive","","Expected an identifier","JSHint","carbon-master/components/BackgroundSelect.js:18","carbon-master/components/BackgroundSelect.js","18",""
"6994","Info","Escalated","","Unclosed regular expression","JSHint","carbon-master/components/BackgroundSelect.js:56","carbon-master/components/BackgroundSelect.js","56",""
"6995","Info","Escalated","","Unclosed regular expression","JSHint","carbon-master/components/SelectionEditor.js:19","carbon-master/components/SelectionEditor.js","19",""
"6996","Low","Escalated","","Avoid trailing commas in object and array literals","PMD","carbon-master/components/SelectionEditor.js:58-63","carbon-master/components/SelectionEditor.js","58-63",""
"6997","Info","Escalated","","Unclosed regular expression","JSHint","carbon-master/components/svg/Controls.js:9","carbon-master/components/svg/Controls.js","9",""
"6998","Info","Escalated","398","Undeclared variables are global by default","PMD","carbon-master/components/svg/Settings.js:8","carbon-master/components/svg/Settings.js","8",""
"6999","Info","Escalated","398","Undeclared variables are global by default","PMD","carbon-master/components/svg/Settings.js:7","carbon-master/components/svg/Settings.js","7",""
"7000","Info","Escalated","398","Undeclared variables are global by default","PMD","carbon-master/components/svg/Settings.js:6","carbon-master/components/svg/Settings.js","6",""
"7001","Info","Escalated","","Unclosed regular expression","JSHint","carbon-master/components/svg/Settings.js:11","carbon-master/components/svg/Settings.js","11",""
"7002","Info","Escalated","","Use of Mozilla JavaScript extension","JSHint","carbon-master/components/Carbon.js:46","carbon-master/components/Carbon.js","46",""
"7003","Info","Escalated","","Unexpected token","JSHint","carbon-master/components/Carbon.js:66","carbon-master/components/Carbon.js","66",""
"7004","Info","False Positive","","Class properties must be methods","JSHint","carbon-master/components/Carbon.js:40","carbon-master/components/Carbon.js","40",""
"7005","Info","False Positive","","Expected an identifier and saw a reserved word","JSHint","carbon-master/components/Carbon.js:25","carbon-master/components/Carbon.js","25",""
"7006","Info","Escalated","","Unexpected token","JSHint","carbon-master/components/Carbon.js:72","carbon-master/components/Carbon.js","72",""
"7007","Info","False Positive","","Expected an identifier","JSHint","carbon-master/components/Carbon.js:65","carbon-master/components/Carbon.js","65",""
"7008","Info","Escalated","","Use of Mozilla JavaScript extension","JSHint","carbon-master/components/Carbon.js:72","carbon-master/components/Carbon.js","72",""
"7009","Info","False Positive","","Expected an identifier","JSHint","carbon-master/components/Carbon.js:72","carbon-master/components/Carbon.js","72",""
"7010","Info","False Positive","","Missing semicolon","JSHint","carbon-master/components/Carbon.js:135","carbon-master/components/Carbon.js","135",""
"7011","Info","False Positive","","Expected an operator","JSHint","carbon-master/components/Carbon.js:59","carbon-master/components/Carbon.js","59",""
"7012","Info","False Positive","","Duplicate key","JSHint","carbon-master/components/Carbon.js:73","carbon-master/components/Carbon.js","73",""
"7013","Info","False Positive","","Expected an identifier","JSHint","carbon-master/components/Carbon.js:47","carbon-master/components/Carbon.js","47",""
"7014","Info","Escalated","","Unexpected token","JSHint","carbon-master/components/Carbon.js:46","carbon-master/components/Carbon.js","46",""
"7015","Info","False Positive","","Class properties must be methods","JSHint","carbon-master/components/Carbon.js:60","carbon-master/components/Carbon.js","60",""
"7016","Info","False Positive","","Expected an identifier","JSHint","carbon-master/components/Carbon.js:59","carbon-master/components/Carbon.js","59",""
"7017","Info","Escalated","","Use of Mozilla JavaScript extension","JSHint","carbon-master/components/Carbon.js:57","carbon-master/components/Carbon.js","57",""
"7018","Info","Escalated","","Use of ES6 extension","JSHint","carbon-master/components/Carbon.js:136","carbon-master/components/Carbon.js","136",""
"7019","Info","Escalated","","Use of Mozilla JavaScript extension","JSHint","carbon-master/components/Carbon.js:65","carbon-master/components/Carbon.js","65",""
"7020","Info","Escalated","","Unclosed regular expression","JSHint","carbon-master/components/Carbon.js:191","carbon-master/components/Carbon.js","191",""
"7021","Info","False Positive","","Class properties must be methods","JSHint","carbon-master/components/Carbon.js:59","carbon-master/components/Carbon.js","59",""
"7022","Info","False Positive","","Class properties must be methods","JSHint","carbon-master/components/Carbon.js:39","carbon-master/components/Carbon.js","39",""
"7023","Info","False Positive","","Expected an identifier","JSHint","carbon-master/components/Carbon.js:46","carbon-master/components/Carbon.js","46",""
"7024","Info","False Positive","","Expected an identifier","JSHint","carbon-master/components/Carbon.js:73","carbon-master/components/Carbon.js","73",""
"7025","Info","False Positive","","Class properties must be methods","JSHint","carbon-master/components/Carbon.js:67","carbon-master/components/Carbon.js","67",""
"7026","Info","False Positive","","Class properties must be methods","JSHint","carbon-master/components/Carbon.js:57","carbon-master/components/Carbon.js","57",""
"7027","Info","False Positive","","Expected an identifier and saw a reserved word","JSHint","carbon-master/components/Carbon.js:28","carbon-master/components/Carbon.js","28",""
"7028","Info","Escalated","","Unclosed regular expression","JSHint","carbon-master/components/Page.js:26","carbon-master/components/Page.js","26",""
"7029","Info","Escalated","398","Undeclared variables are global by default","PMD","carbon-master/lib/routing.js:176","carbon-master/lib/routing.js","176",""
"7030","Low","Escalated","","Avoid trailing commas in object and array literals","PMD","carbon-master/lib/routing.js:86-107","carbon-master/lib/routing.js","86-107",""
"7031","Low","Escalated","","Avoid trailing commas in object and array literals","PMD","carbon-master/lib/routing.js:8-55","carbon-master/lib/routing.js","8-55",""
"7032","Low","Escalated","","Avoid trailing commas in object and array literals","PMD","carbon-master/lib/routing.js:181-183","carbon-master/lib/routing.js","181-183",""
"7033","Info","Escalated","","Use base with parseInt","PMD","carbon-master/lib/routing.js:15","carbon-master/lib/routing.js","15",""
"7034","Info","Escalated","398","Undeclared variables are global by default","PMD","carbon-master/lib/routing.js:110","carbon-master/lib/routing.js","110",""
"7035","Info","Escalated","398","Undeclared variables are global by default","PMD","carbon-master/lib/routing.js:156","carbon-master/lib/routing.js","156",""
"7036","Info","Escalated","","Use base with parseInt","PMD","carbon-master/lib/routing.js:24","carbon-master/lib/routing.js","24",""
"7037","Low","Escalated","","Avoid trailing commas in object and array literals","PMD","carbon-master/lib/routing.js:58-84","carbon-master/lib/routing.js","58-84",""
"7038","Low","Escalated","","Avoid trailing commas in object and array literals","PMD","carbon-master/lib/routing.js:184-187","carbon-master/lib/routing.js","184-187",""
"7039","Info","Escalated","398","Undeclared variables are global by default","PMD","carbon-master/lib/routing.js:136","carbon-master/lib/routing.js","136",""
"7040","Info","Escalated","398","Undeclared variables are global by default","PMD","carbon-master/lib/routing.js:158","carbon-master/lib/routing.js","158",""
"7041","Info","Escalated","398","Undeclared variables are global by default","PMD","carbon-master/lib/routing.js:6","carbon-master/lib/routing.js","6",""
"7042","Low","Escalated","","Avoid trailing commas in object and array literals","PMD","carbon-master/components/EditorContainer.js:85-88","carbon-master/components/EditorContainer.js","85-88",""
"7043","Info","Escalated","","Unclosed regular expression","JSHint","carbon-master/components/EditorContainer.js:115","carbon-master/components/EditorContainer.js","115",""
"7044","Info","Escalated","398","Undeclared variables are global by default","PMD","carbon-master/components/EditorContainer.js:48","carbon-master/components/EditorContainer.js","48",""
"7045","Low","Escalated","","Avoid trailing commas in object and array literals","PMD","carbon-master/components/EditorContainer.js:93-96","carbon-master/components/EditorContainer.js","93-96",""
"7046","Info","Escalated","","Unclosed regular expression","JSHint","carbon-master/components/svg/Checkmark.js:15","carbon-master/components/svg/Checkmark.js","15",""
"7047","Info","Escalated","398","Undeclared variables are global by default","PMD","carbon-master/components/svg/Checkmark.js:5","carbon-master/components/svg/Checkmark.js","5",""
"7048","Info","Escalated","","Unclosed regular expression","JSHint","carbon-master/components/svg/Arrows.js:6","carbon-master/components/svg/Arrows.js","6",""
"7049","Info","Escalated","","Unclosed regular expression","JSHint","carbon-master/components/MenuButton.js:19","carbon-master/components/MenuButton.js","19",""
"7050","Low","Escalated","","Avoid trailing commas in object and array literals","PMD","carbon-master/lib/client.js:32-34","carbon-master/lib/client.js","32-34",""
"7051","Info","False Positive","","Class properties must be methods","JSHint","carbon-master/components/Slider.js:7","carbon-master/components/Slider.js","7",""
"7052","Info","False Positive","","Expected an identifier","JSHint","carbon-master/components/Slider.js:7","carbon-master/components/Slider.js","7",""
"7053","Info","Escalated","398","Undeclared variables are global by default","PMD","carbon-master/components/Slider.js:33","carbon-master/components/Slider.js","33",""
"7054","Info","Escalated","","Use of Mozilla JavaScript extension","JSHint","carbon-master/components/Slider.js:7","carbon-master/components/Slider.js","7",""
"7055","Info","False Positive","","Expected an assignment or function call and saw an expression","JSHint","carbon-master/components/Slider.js:7","carbon-master/components/Slider.js","7",""
"7056","Info","Escalated","398","Undeclared variables are global by default","PMD","carbon-master/components/Slider.js:17","carbon-master/components/Slider.js","17",""
"7057","Info","False Positive","","Expected an assignment or function call and saw an expression","JSHint","carbon-master/components/Slider.js:9","carbon-master/components/Slider.js","9",""
"7058","Info","False Positive","","Missing semicolon","JSHint","carbon-master/components/Slider.js:9","carbon-master/components/Slider.js","9",""
"7059","Info","Escalated","398","Undeclared variables are global by default","PMD","carbon-master/components/Slider.js:6-10","carbon-master/components/Slider.js","6-10",""
"7060","Low","Escalated","","Avoid trailing commas in object and array literals","PMD","carbon-master/components/Slider.js:6-10","carbon-master/components/Slider.js","6-10",""
"7061","Info","False Positive","","Label on statement","JSHint","carbon-master/components/Slider.js:8","carbon-master/components/Slider.js","8",""
"7062","Info","False Positive","","Class properties must be methods","JSHint","carbon-master/components/Slider.js:6","carbon-master/components/Slider.js","6",""
"7063","Info","Escalated","","Unexpected token","JSHint","carbon-master/components/Slider.js:7","carbon-master/components/Slider.js","7",""
"7064","Info","Escalated","","Unclosed regular expression","JSHint","carbon-master/components/Billing.js:24","carbon-master/components/Billing.js","24",""
"7065","Info","Escalated","","Unclosed regular expression","JSHint","carbon-master/components/svg/Copy.js:21","carbon-master/components/svg/Copy.js","21",""
"7066","Low","Escalated","","Avoid trailing commas in object and array literals","PMD","carbon-master/next.config.js:10-12","carbon-master/next.config.js","10-12",""
"7067","Low","Escalated","","Avoid trailing commas in object and array literals","PMD","carbon-master/next.config.js:21-25","carbon-master/next.config.js","21-25",""
"7068","Low","Escalated","","Avoid trailing commas in object and array literals","PMD","carbon-master/next.config.js:13-19","carbon-master/next.config.js","13-19",""
"7069","Info","Escalated","","Unclosed regular expression","JSHint","carbon-master/pages/_document.js:12","carbon-master/pages/_document.js","12",""
"7070","Info","Escalated","","Unclosed regular expression","JSHint","carbon-master/components/Header.js:9","carbon-master/components/Header.js","9",""
"7071","Info","Escalated","","Unclosed regular expression","JSHint","carbon-master/components/Toasts.js:24","carbon-master/components/Toasts.js","24",""
"7072","Info","Escalated","","Unclosed regular expression","JSHint","carbon-master/components/Settings.js:54","carbon-master/components/Settings.js","54",""
"7073","Info","Escalated","","Unclosed regular expression","JSHint","carbon-master/components/LoginButton.js:16","carbon-master/components/LoginButton.js","16",""
"7074","Info","Escalated","","Unexpected token","JSHint","carbon-master/components/Popout.js:37","carbon-master/components/Popout.js","37",""
"7075","Info","Escalated","","Unmatched token","JSHint","carbon-master/components/Popout.js:34","carbon-master/components/Popout.js","34",""
"7076","Info","False Positive","","Class properties must be methods","JSHint","carbon-master/components/Popout.js:16","carbon-master/components/Popout.js","16",""
"7077","Info","Escalated","","Unclosed regular expression","JSHint","carbon-master/components/Popout.js:74","carbon-master/components/Popout.js","74",""
"7078","Info","Escalated","398","Undeclared variables are global by default","PMD","carbon-master/components/Popout.js:16","carbon-master/components/Popout.js","16",""
"7079","Info","Escalated","398","Undeclared variables are global by default","PMD","carbon-master/components/Popout.js:18","carbon-master/components/Popout.js","18",""
"7080","Info","False Positive","","Expected an identifier","JSHint","carbon-master/components/Popout.js:14","carbon-master/components/Popout.js","14",""
"7081","Info","Escalated","","Use of Mozilla JavaScript extension","JSHint","carbon-master/components/Popout.js:16","carbon-master/components/Popout.js","16",""
"7082","Info","False Positive","","Expected an identifier","JSHint","carbon-master/components/Popout.js:39","carbon-master/components/Popout.js","39",""
"7083","Info","False Positive","","Class properties must be methods","JSHint","carbon-master/components/Popout.js:10","carbon-master/components/Popout.js","10",""
"7084","Info","False Positive","","Expected an identifier","JSHint","carbon-master/components/Popout.js:35","carbon-master/components/Popout.js","35",""
"7085","Low","Escalated","","Avoid trailing commas in object and array literals","PMD","carbon-master/components/Popout.js:47-50","carbon-master/components/Popout.js","47-50",""
"7086","Info","False Positive","","Expected an assignment or function call and saw an expression","JSHint","carbon-master/components/Popout.js:35","carbon-master/components/Popout.js","35",""
"7087","Info","Escalated","","Use of Mozilla JavaScript extension","JSHint","carbon-master/components/Popout.js:14","carbon-master/components/Popout.js","14",""
"7088","Info","Escalated","","Unexpected token","JSHint","carbon-master/components/Popout.js:36","carbon-master/components/Popout.js","36",""
"7089","Info","False Positive","","Class properties must be methods","JSHint","carbon-master/components/Popout.js:48","carbon-master/components/Popout.js","48",""
"7090","Info","False Positive","","Class properties must be methods","JSHint","carbon-master/components/Popout.js:47","carbon-master/components/Popout.js","47",""
"7091","Info","False Positive","","Expected an assignment or function call and saw an expression","JSHint","carbon-master/components/Popout.js:39","carbon-master/components/Popout.js","39",""
"7092","Info","False Positive","","Expected an identifier","JSHint","carbon-master/components/Popout.js:16","carbon-master/components/Popout.js","16",""
"7093","Info","False Positive","","Expected an identifier","JSHint","carbon-master/components/Popout.js:38","carbon-master/components/Popout.js","38",""
"7094","Info","False Positive","","Class properties must be methods","JSHint","carbon-master/components/Popout.js:14","carbon-master/components/Popout.js","14",""
"7095","Info","False Positive","","Duplicate key","JSHint","carbon-master/components/Popout.js:16","carbon-master/components/Popout.js","16",""
"7096","Info","False Positive","","Expected an identifier and saw a reserved word","JSHint","carbon-master/components/Popout.js:16","carbon-master/components/Popout.js","16",""
"7097","Info","Escalated","","Missing semicolon","JSHint","carbon-master/components/Popout.js:35","carbon-master/components/Popout.js","35",""
"7098","Info","False Positive","","Expected an identifier","JSHint","carbon-master/components/Popout.js:34","carbon-master/components/Popout.js","34",""
"7099","Info","False Positive","","Class properties must be methods","JSHint","carbon-master/components/Popout.js:11","carbon-master/components/Popout.js","11",""
"7100","Info","Escalated","398","Undeclared variables are global by default","PMD","carbon-master/components/Popout.js:47-50","carbon-master/components/Popout.js","47-50",""
"7101","Info","Escalated","","Unclosed regular expression","JSHint","carbon-master/components/TweetButton.js:33","carbon-master/components/TweetButton.js","33",""
"7102","Info","Escalated","","Unclosed regular expression","JSHint","carbon-master/components/Meta.js:19","carbon-master/components/Meta.js","19",""
"7103","Info","Escalated","","Unclosed regular expression","JSHint","carbon-master/components/WindowControls.js:34","carbon-master/components/WindowControls.js","34",""
"7104","Info","Escalated","398","Undeclared variables are global by default","PMD","carbon-master/lib/api.js:18","carbon-master/lib/api.js","18",""
"7105","Info","Escalated","","Use of ES6 extension","JSHint","carbon-master/lib/api.js:117","carbon-master/lib/api.js","117",""
"7106","Info","Escalated","","Use of ES6 extension","JSHint","carbon-master/lib/api.js:70","carbon-master/lib/api.js","70",""
"7107","Info","Escalated","398","Undeclared variables are global by default","PMD","carbon-master/lib/api.js:32","carbon-master/lib/api.js","32",""
"7108","Info","Escalated","","Unexpected token","JSHint","carbon-master/components/AuthContext.js:31","carbon-master/components/AuthContext.js","31",""
"7109","Info","False Positive","","[] is better written in dot notation","JSHint","carbon-master/components/AuthContext.js:24","carbon-master/components/AuthContext.js","24",""
"7110","Info","False Positive","","Expected an identifier","JSHint","carbon-master/components/AuthContext.js:31","carbon-master/components/AuthContext.js","31",""
"7111","Info","False Positive","","[] is better written in dot notation","JSHint","carbon-master/components/AuthContext.js:27","carbon-master/components/AuthContext.js","27",""
"7112","Info","Escalated","","Unclosed regular expression","JSHint","carbon-master/components/AuthContext.js:31","carbon-master/components/AuthContext.js","31",""
"7113","Info","Escalated","","Missing semicolon","JSHint","carbon-master/components/AuthContext.js:31","carbon-master/components/AuthContext.js","31",""
"7114","Info","False Positive","","Expected an assignment or function call and saw an expression","JSHint","carbon-master/components/AuthContext.js:31","carbon-master/components/AuthContext.js","31",""
"7115","Info","Escalated","","Unclosed regular expression","JSHint","carbon-master/components/Input.js:18","carbon-master/components/Input.js","18",""
"7116","Info","Escalated","","Use of ES6 extension","JSHint","carbon-master/components/Input.js:13","carbon-master/components/Input.js","13",""
"7117","Info","Escalated","","Unclosed regular expression","JSHint","carbon-master/components/ColorPicker.js:42","carbon-master/components/ColorPicker.js","42",""
"7118","Info","Escalated","398","Undeclared variables are global by default","PMD","carbon-master/components/ColorPicker.js:6-10","carbon-master/components/ColorPicker.js","6-10",""
"7119","Low","Escalated","","Avoid trailing commas in object and array literals","PMD","carbon-master/components/ColorPicker.js:6-10","carbon-master/components/ColorPicker.js","6-10",""
"7120","Info","Escalated","","Unclosed regular expression","JSHint","carbon-master/components/FontFace.js:13","carbon-master/components/FontFace.js","13",""
"7121","Info","Escalated","398","Undeclared variables are global by default","PMD","carbon-master/components/svg/Theme.js:6","carbon-master/components/svg/Theme.js","6",""
"7122","Info","Escalated","","Unclosed regular expression","JSHint","carbon-master/components/svg/Theme.js:9","carbon-master/components/svg/Theme.js","9",""
"7123","Info","Escalated","","Unclosed regular expression","JSHint","carbon-master/components/svg/WindowThemes.js:13","carbon-master/components/svg/WindowThemes.js","13",""
"7124","Info","False Positive","","Expected an identifier","JSHint","carbon-master/components/CopyMenu.js:29","carbon-master/components/CopyMenu.js","29",""
"7125","Info","False Positive","","Expected an identifier","JSHint","carbon-master/components/CopyMenu.js:37","carbon-master/components/CopyMenu.js","37",""
"7126","Info","False Positive","","Expected an identifier","JSHint","carbon-master/components/CopyMenu.js:30","carbon-master/components/CopyMenu.js","30",""
"7127","Info","Escalated","","Missing semicolon","JSHint","carbon-master/components/CopyMenu.js:25","carbon-master/components/CopyMenu.js","25",""
"7128","Info","False Positive","","Expected an assignment or function call and saw an expression","JSHint","carbon-master/components/CopyMenu.js:30","carbon-master/components/CopyMenu.js","30",""
"7129","Info","Escalated","","Missing semicolon","JSHint","carbon-master/components/CopyMenu.js:37","carbon-master/components/CopyMenu.js","37",""
"7130","Info","False Positive","","Attempt to override constant","JSHint","carbon-master/components/CopyMenu.js:37","carbon-master/components/CopyMenu.js","37",""
"7131","Info","Escalated","","Unmatched token","JSHint","carbon-master/components/CopyMenu.js:37","carbon-master/components/CopyMenu.js","37",""
"7132","Info","False Positive","","Expected an assignment or function call and saw an expression","JSHint","carbon-master/components/CopyMenu.js:25","carbon-master/components/CopyMenu.js","25",""
"7133","Info","Escalated","","Unexpected token","JSHint","carbon-master/components/CopyMenu.js:37","carbon-master/components/CopyMenu.js","37",""
"7134","Info","False Positive","","Expected an identifier","JSHint","carbon-master/components/CopyMenu.js:24","carbon-master/components/CopyMenu.js","24",""
"7135","Info","False Positive","","Expected an assignment or function call and saw an expression","JSHint","carbon-master/components/CopyMenu.js:37","carbon-master/components/CopyMenu.js","37",""
"7136","Info","Escalated","","Unclosed regular expression","JSHint","carbon-master/components/CopyMenu.js:37","carbon-master/components/CopyMenu.js","37",""
"7137","Info","False Positive","","Expected an identifier","JSHint","carbon-master/components/CopyMenu.js:25","carbon-master/components/CopyMenu.js","25",""
"7138","Info","False Positive","","Unmatched token","JSHint","carbon-master/components/CopyMenu.js:24","carbon-master/components/CopyMenu.js","24",""
"7139","Info","Escalated","","Unexpected token","JSHint","carbon-master/components/CopyMenu.js:26","carbon-master/components/CopyMenu.js","26",""
"7140","Info","Escalated","","Unclosed regular expression","JSHint","carbon-master/components/Presets.js:47","carbon-master/components/Presets.js","47",""
"7141","Info","False Positive","","Class properties must be methods","JSHint","carbon-master/components/ImagePicker.js:114","carbon-master/components/ImagePicker.js","114",""
"7142","Info","Escalated","","Unclosed regular expression","JSHint","carbon-master/components/ImagePicker.js:191","carbon-master/components/ImagePicker.js","191",""
"7143","Info","False Positive","","Expected an assignment or function call and saw an expression","JSHint","carbon-master/components/ImagePicker.js:140","carbon-master/components/ImagePicker.js","140",""
"7144","Info","Escalated","","Use of ES6 extension","JSHint","carbon-master/components/ImagePicker.js:84","carbon-master/components/ImagePicker.js","84",""
"7145","Info","False Positive","","Missing semicolon","JSHint","carbon-master/components/ImagePicker.js:140","carbon-master/components/ImagePicker.js","140",""
"7146","Info","Escalated","398","Undeclared variables are global by default","PMD","carbon-master/components/ImagePicker.js:53","carbon-master/components/ImagePicker.js","53",""
"7147","Info","False Positive","","Expected an identifier","JSHint","carbon-master/components/ImagePicker.js:120","carbon-master/components/ImagePicker.js","120",""
"7148","Info","Escalated","","Missing semicolon","JSHint","carbon-master/components/ImagePicker.js:141","carbon-master/components/ImagePicker.js","141",""
"7149","Info","Escalated","398","Undeclared variables are global by default","PMD","carbon-master/components/ImagePicker.js:125","carbon-master/components/ImagePicker.js","125",""
"7150","Info","Escalated","","Use of Mozilla JavaScript extension","JSHint","carbon-master/components/ImagePicker.js:113","carbon-master/components/ImagePicker.js","113",""
"7151","Info","False Positive","","Missing semicolon","JSHint","carbon-master/components/ImagePicker.js:187","carbon-master/components/ImagePicker.js","187",""
"7152","Info","False Positive","","Class properties must be methods","JSHint","carbon-master/components/ImagePicker.js:113","carbon-master/components/ImagePicker.js","113",""
"7153","Info","False Positive","","Class properties must be methods","JSHint","carbon-master/components/ImagePicker.js:115","carbon-master/components/ImagePicker.js","115",""
"7154","Info","Escalated","","Use of ES6 extension","JSHint","carbon-master/components/ImagePicker.js:93","carbon-master/components/ImagePicker.js","93",""
"7155","Low","Escalated","","Avoid trailing commas in object and array literals","PMD","carbon-master/components/ImagePicker.js:40-47","carbon-master/components/ImagePicker.js","40-47",""
"7156","Info","False Positive","","Expected an identifier","JSHint","carbon-master/components/ImagePicker.js:114","carbon-master/components/ImagePicker.js","114",""
"7157","Info","Escalated","","Use of ES6 extension","JSHint","carbon-master/components/ImagePicker.js:70","carbon-master/components/ImagePicker.js","70",""
"7158","Info","Escalated","","Missing semicolon","JSHint","carbon-master/components/ImagePicker.js:147","carbon-master/components/ImagePicker.js","147",""
"7159","Info","Escalated","398","Undeclared variables are global by default","PMD","carbon-master/components/ImagePicker.js:155","carbon-master/components/ImagePicker.js","155",""
"7160","Info","False Positive","","Expected an identifier","JSHint","carbon-master/components/ImagePicker.js:113","carbon-master/components/ImagePicker.js","113",""
"7161","Info","Escalated","398","Undeclared variables are global by default","PMD","carbon-master/components/ImagePicker.js:50","carbon-master/components/ImagePicker.js","50",""
"7162","Info","False Positive","","Duplicate key","JSHint","carbon-master/components/ImagePicker.js:115","carbon-master/components/ImagePicker.js","115",""
"7163","Info","False Positive","","Expected an identifier and saw a reserved word","JSHint","carbon-master/components/ImagePicker.js:117","carbon-master/components/ImagePicker.js","117",""
"7164","Info","False Positive","","Missing semicolon","JSHint","carbon-master/components/ImagePicker.js:178","carbon-master/components/ImagePicker.js","178",""
"7165","Info","Escalated","398","Undeclared variables are global by default","PMD","carbon-master/components/ImagePicker.js:21","carbon-master/components/ImagePicker.js","21",""
"7166","Info","Escalated","","Unexpected token","JSHint","carbon-master/components/ImagePicker.js:113","carbon-master/components/ImagePicker.js","113",""
"7167","Low","Escalated","","Avoid trailing commas in object and array literals","PMD","carbon-master/components/ImagePicker.js:160-174","carbon-master/components/ImagePicker.js","160-174",""
"7168","Info","Escalated","398","Undeclared variables are global by default","PMD","carbon-master/components/ImagePicker.js:99","carbon-master/components/ImagePicker.js","99",""
"7169","Low","Escalated","","Avoid trailing commas in object and array literals","PMD","carbon-master/components/ImagePicker.js:132-135","carbon-master/components/ImagePicker.js","132-135",""
"7170","Low","Escalated","","Avoid trailing commas in object and array literals","PMD","carbon-master/components/ImagePicker.js:100-105","carbon-master/components/ImagePicker.js","100-105",""
"7171","Info","False Positive","","Missing semicolon","JSHint","carbon-master/components/ImagePicker.js:145","carbon-master/components/ImagePicker.js","145",""
"7172","Info","False Positive","","Missing semicolon","JSHint","carbon-master/components/ImagePicker.js:123","carbon-master/components/ImagePicker.js","123",""
"7173","Info","Escalated","","Unexpected token","JSHint","carbon-master/components/ImagePicker.js:114","carbon-master/components/ImagePicker.js","114",""
"7174","Info","Escalated","","Unexpected token","JSHint","carbon-master/components/ImagePicker.js:120","carbon-master/components/ImagePicker.js","120",""
"7175","Info","Escalated","","Use of Mozilla JavaScript extension","JSHint","carbon-master/components/ImagePicker.js:114","carbon-master/components/ImagePicker.js","114",""
"7176","Info","False Positive","","Expected an assignment or function call and saw an expression","JSHint","carbon-master/components/ImagePicker.js:145","carbon-master/components/ImagePicker.js","145",""
"7177","Info","False Positive","","Class properties must be methods","JSHint","carbon-master/components/ImagePicker.js:50","carbon-master/components/ImagePicker.js","50",""
"7178","Info","Escalated","","Use of Mozilla JavaScript extension","JSHint","carbon-master/components/ImagePicker.js:119","carbon-master/components/ImagePicker.js","119",""
"7179","Info","Escalated","","Unclosed regular expression","JSHint","carbon-master/components/SnippetToolbar.js:28","carbon-master/components/SnippetToolbar.js","28",""
"7180","Info","Escalated","","Unclosed regular expression","JSHint","carbon-master/components/SpinnerWrapper.js:16","carbon-master/components/SpinnerWrapper.js","16",""
"7181","Info","False Positive","","Expected an assignment or function call and saw an expression","JSHint","carbon-master/pages/embed/[id].js:35","carbon-master/pages/embed/[id].js","35",""
"7182","Info","False Positive","","Expected an identifier","JSHint","carbon-master/pages/embed/[id].js:35","carbon-master/pages/embed/[id].js","35",""
"7183","Info","Escalated","398","Undeclared variables are global by default","PMD","carbon-master/pages/embed/[id].js:14","carbon-master/pages/embed/[id].js","14",""
"7184","Info","False Positive","","Expected an operator","JSHint","carbon-master/pages/embed/[id].js:35","carbon-master/pages/embed/[id].js","35",""
"7185","Info","Escalated","","Missing semicolon","JSHint","carbon-master/pages/embed/[id].js:35","carbon-master/pages/embed/[id].js","35",""
"7186","Info","Escalated","398","Undeclared variables are global by default","PMD","carbon-master/pages/embed/[id].js:9","carbon-master/pages/embed/[id].js","9",""
"7187","Info","Escalated","","Unclosed regular expression","JSHint","carbon-master/components/svg/Remove.js:9","carbon-master/components/svg/Remove.js","9",""
"7188","Info","Escalated","398","Undeclared variables are global by default","PMD","carbon-master/components/svg/Remove.js:6","carbon-master/components/svg/Remove.js","6",""
"7189","Info","Escalated","","Unclosed regular expression","JSHint","carbon-master/components/ConfirmButton.js:20","carbon-master/components/ConfirmButton.js","20",""
"7190","Info","False Positive","","Expected an identifier","JSHint","carbon-master/components/ListSetting.js:9","carbon-master/components/ListSetting.js","9",""
"7191","Info","Escalated","","Unexpected token","JSHint","carbon-master/components/ListSetting.js:11","carbon-master/components/ListSetting.js","11",""
"7192","Info","False Positive","","Class properties must be methods","JSHint","carbon-master/components/ListSetting.js:9","carbon-master/components/ListSetting.js","9",""
"7193","Info","False Positive","","Class properties must be methods","JSHint","carbon-master/components/ListSetting.js:8","carbon-master/components/ListSetting.js","8",""
"7194","Info","False Positive","","Label on statement","JSHint","carbon-master/components/ListSetting.js:10","carbon-master/components/ListSetting.js","10",""
"7195","Info","Escalated","","Unexpected token","JSHint","carbon-master/components/ListSetting.js:9","carbon-master/components/ListSetting.js","9",""
"7196","Info","False Positive","","Expected an assignment or function call and saw an expression","JSHint","carbon-master/components/ListSetting.js:9","carbon-master/components/ListSetting.js","9",""
"7197","Info","Escalated","","Use of Mozilla JavaScript extension","JSHint","carbon-master/components/ListSetting.js:9","carbon-master/components/ListSetting.js","9",""
"7198","Info","False Positive","","Expected an assignment or function call and saw an expression","JSHint","carbon-master/components/ListSetting.js:10","carbon-master/components/ListSetting.js","10",""
"7199","Info","Escalated","","Missing semicolon","JSHint","carbon-master/pages/account.js:17","carbon-master/pages/account.js","17",""
"7200","Info","False Positive","","Expected an identifier and saw a reserved word","JSHint","carbon-master/pages/account.js:16","carbon-master/pages/account.js","16",""
"7201","Info","Escalated","","Unmatched token","JSHint","carbon-master/pages/account.js:17","carbon-master/pages/account.js","17",""
"7202","Info","Escalated","","Unexpected token","JSHint","carbon-master/pages/account.js:17","carbon-master/pages/account.js","17",""
"7203","Info","False Positive","","Label on statement","JSHint","carbon-master/pages/account.js:17","carbon-master/pages/account.js","17",""
"7204","Info","False Positive","","Expected an assignment or function call and saw an expression","JSHint","carbon-master/pages/account.js:17","carbon-master/pages/account.js","17",""
"7205","Info","False Positive","","Expected an identifier","JSHint","carbon-master/pages/account.js:17","carbon-master/pages/account.js","17",""
"7206","Info","Escalated","","Bad assignment","JSHint","carbon-master/pages/account.js:17","carbon-master/pages/account.js","17",""
"7207","Info","Escalated","","Unclosed regular expression","JSHint","carbon-master/components/Themes/index.js:28","carbon-master/components/Themes/index.js","28",""
"7208","Info","False Positive","","Expected an identifier and saw a reserved word","JSHint","carbon-master/components/Themes/index.js:10","carbon-master/components/Themes/index.js","10",""
"7209","Info","Escalated","","Use of ES6 extension","JSHint","carbon-master/components/RandomImage.js:16","carbon-master/components/RandomImage.js","16",""
"7210","Info","Escalated","398","Undeclared variables are global by default","PMD","carbon-master/components/RandomImage.js:9","carbon-master/components/RandomImage.js","9",""
"7211","Info","Escalated","","Unclosed regular expression","JSHint","carbon-master/components/RandomImage.js:47","carbon-master/components/RandomImage.js","47",""
"7212","Info","Escalated","","Unclosed regular expression","JSHint","carbon-master/components/WindowPointer.js:20","carbon-master/components/WindowPointer.js","20",""
"7213","Info","Escalated","398","Undeclared variables are global by default","PMD","carbon-master/components/Themes/ThemeCreate.js:11-15","carbon-master/components/Themes/ThemeCreate.js","11-15",""
"7214","Low","Escalated","","Avoid trailing commas in object and array literals","PMD","carbon-master/components/Themes/ThemeCreate.js:11-15","carbon-master/components/Themes/ThemeCreate.js","11-15",""
"7215","Info","Escalated","","Unclosed regular expression","JSHint","carbon-master/components/Themes/ThemeCreate.js:22","carbon-master/components/Themes/ThemeCreate.js","22",""
"7216","Info","Escalated","","Unclosed regular expression","JSHint","carbon-master/components/FontSelect.js:11","carbon-master/components/FontSelect.js","11",""
"7217","Info","Escalated","398","Undeclared variables are global by default","PMD","carbon-master/components/FontSelect.js:28","carbon-master/components/FontSelect.js","28",""
"7218","Info","Escalated","398","Undeclared variables are global by default","PMD","carbon-master/components/FontSelect.js:6","carbon-master/components/FontSelect.js","6",""
"7219","Info","Escalated","","Unclosed regular expression","JSHint","carbon-master/components/style/Typography.js:114","carbon-master/components/style/Typography.js","114",""
"7220","Info","Escalated","","Unclosed regular expression","JSHint","carbon-master/components/Overlay.js:5","carbon-master/components/Overlay.js","5",""
"7221","Info","Escalated","398","Undeclared variables are global by default","PMD","carbon-master/components/Overlay.js:3-9","carbon-master/components/Overlay.js","3-9",""
"7222","Info","Escalated","398","Undeclared variables are global by default","PMD","carbon-master/pages/embed/index.js:48","carbon-master/pages/embed/index.js","48",""
"7223","Info","Escalated","","Unclosed regular expression","JSHint","carbon-master/pages/embed/index.js:17","carbon-master/pages/embed/index.js","17",""
"7224","Low","Escalated","","Avoid trailing commas in object and array literals","PMD","carbon-master/pages/embed/index.js:71-76","carbon-master/pages/embed/index.js","71-76",""
"7225","Info","Escalated","398","Undeclared variables are global by default","PMD","carbon-master/pages/embed/index.js:38","carbon-master/pages/embed/index.js","38",""
"7226","Info","Escalated","398","Undeclared variables are global by default","PMD","carbon-master/pages/embed/index.js:14-26","carbon-master/pages/embed/index.js","14-26",""
"7227","Info","Escalated","","Unclosed regular expression","JSHint","carbon-master/components/PhotoCredit.js:8","carbon-master/components/PhotoCredit.js","8",""
"7228","Info","False Positive","","Expected an assignment or function call and saw an expression","JSHint","carbon-master/cypress/integration/security.spec.js:14","carbon-master/cypress/integration/security.spec.js","14",""
"7229","Info","False Positive","","Expected an assignment or function call and saw an expression","JSHint","carbon-master/components/Dropdown.js:47","carbon-master/components/Dropdown.js","47",""
"7230","Info","Escalated","","Use of Mozilla JavaScript extension","JSHint","carbon-master/components/Dropdown.js:29","carbon-master/components/Dropdown.js","29",""
"7231","Info","Escalated","","Unexpected token","JSHint","carbon-master/components/Dropdown.js:41","carbon-master/components/Dropdown.js","41",""
"7232","Info","False Positive","","Expected an identifier","JSHint","carbon-master/components/Dropdown.js:17","carbon-master/components/Dropdown.js","17",""
"7233","Info","False Positive","","Class properties must be methods","JSHint","carbon-master/components/Dropdown.js:34","carbon-master/components/Dropdown.js","34",""
"7234","Info","False Positive","","Expected an identifier","JSHint","carbon-master/components/Dropdown.js:33","carbon-master/components/Dropdown.js","33",""
"7235","Info","Escalated","","Use of Mozilla JavaScript extension","JSHint","carbon-master/components/Dropdown.js:16","carbon-master/components/Dropdown.js","16",""
"7236","Info","False Positive","","Class properties must be methods","JSHint","carbon-master/components/Dropdown.js:48","carbon-master/components/Dropdown.js","48",""
"7237","Info","False Positive","","Duplicate key","JSHint","carbon-master/components/Dropdown.js:41","carbon-master/components/Dropdown.js","41",""
"7238","Info","False Positive","","Class properties must be methods","JSHint","carbon-master/components/Dropdown.js:30","carbon-master/components/Dropdown.js","30",""
"7239","Info","Escalated","","Use of Mozilla JavaScript extension","JSHint","carbon-master/components/Dropdown.js:17","carbon-master/components/Dropdown.js","17",""
"7240","Info","False Positive","","Class properties must be methods","JSHint","carbon-master/components/Dropdown.js:42","carbon-master/components/Dropdown.js","42",""
"7241","Info","False Positive","","Class properties must be methods","JSHint","carbon-master/components/Dropdown.js:20","carbon-master/components/Dropdown.js","20",""
"7242","Info","False Positive","","Expected an identifier","JSHint","carbon-master/components/Dropdown.js:16","carbon-master/components/Dropdown.js","16",""
"7243","Info","False Positive","","Class properties must be methods","JSHint","carbon-master/components/Dropdown.js:11","carbon-master/components/Dropdown.js","11",""
"7244","Info","Escalated","","Use of Mozilla JavaScript extension","JSHint","carbon-master/components/Dropdown.js:33","carbon-master/components/Dropdown.js","33",""
"7245","Info","False Positive","","Expected an identifier","JSHint","carbon-master/components/Dropdown.js:41","carbon-master/components/Dropdown.js","41",""
"7246","Info","Escalated","","Unexpected token","JSHint","carbon-master/components/Dropdown.js:16","carbon-master/components/Dropdown.js","16",""
"7247","Info","False Positive","","Expected an identifier","JSHint","carbon-master/components/Dropdown.js:48","carbon-master/components/Dropdown.js","48",""
"7248","Info","False Positive","","Class properties must be methods","JSHint","carbon-master/components/Dropdown.js:23","carbon-master/components/Dropdown.js","23",""
"7249","Info","Escalated","","Unexpected token","JSHint","carbon-master/components/Dropdown.js:17","carbon-master/components/Dropdown.js","17",""
"7250","Info","Escalated","","Use of Mozilla JavaScript extension","JSHint","carbon-master/components/Dropdown.js:41","carbon-master/components/Dropdown.js","41",""
"7251","Info","Escalated","","Unexpected token","JSHint","carbon-master/components/Dropdown.js:38","carbon-master/components/Dropdown.js","38",""
"7252","Info","False Positive","","Expected an identifier","JSHint","carbon-master/components/Dropdown.js:45","carbon-master/components/Dropdown.js","45",""
"7253","Info","False Positive","","Duplicate key","JSHint","carbon-master/components/Dropdown.js:23","carbon-master/components/Dropdown.js","23",""
"7254","Info","False Positive","","Duplicate key","JSHint","carbon-master/components/Dropdown.js:42","carbon-master/components/Dropdown.js","42",""
"7255","Info","Escalated","","Unexpected token","JSHint","carbon-master/components/Dropdown.js:34","carbon-master/components/Dropdown.js","34",""
"7256","Info","False Positive","","Expected an identifier and saw a reserved word","JSHint","carbon-master/components/Dropdown.js:29","carbon-master/components/Dropdown.js","29",""
"7257","Info","False Positive","","Expected an identifier","JSHint","carbon-master/components/Dropdown.js:29","carbon-master/components/Dropdown.js","29",""
"7258","Info","False Positive","","Expected an identifier","JSHint","carbon-master/components/Dropdown.js:18","carbon-master/components/Dropdown.js","18",""
"7259","Info","False Positive","","Expected an identifier","JSHint","carbon-master/components/Dropdown.js:30","carbon-master/components/Dropdown.js","30",""
"7260","Info","False Positive","","Duplicate key","JSHint","carbon-master/components/Dropdown.js:18","carbon-master/components/Dropdown.js","18",""
"7261","Info","False Positive","","Expected an identifier","JSHint","carbon-master/components/Dropdown.js:20","carbon-master/components/Dropdown.js","20",""
"7262","Info","False Positive","","Duplicate key","JSHint","carbon-master/components/Dropdown.js:48","carbon-master/components/Dropdown.js","48",""
"7263","Info","False Positive","","Expected an identifier","JSHint","carbon-master/components/Dropdown.js:39","carbon-master/components/Dropdown.js","39",""
"7264","Info","Escalated","","Use of Mozilla JavaScript extension","JSHint","carbon-master/components/Dropdown.js:38","carbon-master/components/Dropdown.js","38",""
"7265","Info","False Positive","","Class properties must be methods","JSHint","carbon-master/components/Dropdown.js:10","carbon-master/components/Dropdown.js","10",""
"7266","Info","Escalated","398","Undeclared variables are global by default","PMD","carbon-master/components/ApiContext.js:4","carbon-master/components/ApiContext.js","4",""
"7267","Info","Escalated","","Unclosed regular expression","JSHint","carbon-master/components/style/Font.js:167","carbon-master/components/style/Font.js","167",""
"7268","Info","False Positive","","Expected an identifier","JSHint","carbon-master/pages/index.js:20","carbon-master/pages/index.js","20",""
"7269","Info","False Positive","","Class properties must be methods","JSHint","carbon-master/pages/index.js:20","carbon-master/pages/index.js","20",""
"7270","Info","False Positive","","Class properties must be methods","JSHint","carbon-master/pages/index.js:22","carbon-master/pages/index.js","22",""
"7271","Info","Escalated","","Unclosed regular expression","JSHint","carbon-master/pages/index.js:31","carbon-master/pages/index.js","31",""
"7272","Info","Escalated","","Use of Mozilla JavaScript extension","JSHint","carbon-master/pages/index.js:20","carbon-master/pages/index.js","20",""
"7273","Low","Escalated","","Avoid trailing commas in object and array literals","PMD","carbon-master/lib/custom/modes/nim.js:120-327","carbon-master/lib/custom/modes/nim.js","120-327",""
"7274","Low","Escalated","","Avoid trailing commas in object and array literals","PMD","carbon-master/lib/custom/modes/nim.js:596-603","carbon-master/lib/custom/modes/nim.js","596-603",""
"7275","Low","Escalated","","Avoid trailing commas in object and array literals","PMD","carbon-master/lib/custom/modes/nim.js:500-503","carbon-master/lib/custom/modes/nim.js","500-503",""
"7276","Info","Escalated","","Unexpected token","JSHint","carbon-master/lib/custom/modes/nim.js:493","carbon-master/lib/custom/modes/nim.js","493",""
"7277","Info","False Positive","710","Inconsistent return usage","PMD","carbon-master/lib/custom/modes/nim.js:506-537","carbon-master/lib/custom/modes/nim.js","506-537",""
"7278","Low","Escalated","","Avoid trailing commas in object and array literals","PMD","carbon-master/lib/custom/modes/nim.js:47-118","carbon-master/lib/custom/modes/nim.js","47-118",""
"7279","Low","Escalated","","Avoid trailing commas in object and array literals","PMD","carbon-master/lib/custom/modes/nim.js:10-37","carbon-master/lib/custom/modes/nim.js","10-37",""
"7280","Info","Escalated","","Unexpected token","JSHint","carbon-master/lib/custom/modes/nim.js:515","carbon-master/lib/custom/modes/nim.js","515",""
"7281","Low","Escalated","","Avoid trailing commas in object and array literals","PMD","carbon-master/lib/util.js:86-91","carbon-master/lib/util.js","86-91",""
"7282","Info","Escalated","","Use of ES6 extension","JSHint","carbon-master/lib/util.js:82","carbon-master/lib/util.js","82",""
"7283","Info","Escalated","398","Undeclared variables are global by default","PMD","carbon-master/lib/util.js:5","carbon-master/lib/util.js","5",""
"7284","Info","False Positive","","Expected an identifier and saw a reserved word","JSHint","carbon-master/lib/util.js:83","carbon-master/lib/util.js","83",""
"7285","Low","Escalated","","Avoid trailing commas in object and array literals","PMD","carbon-master/lib/util.js:20-29","carbon-master/lib/util.js","20-29",""
"7286","Info","False Positive","","Expected an identifier and saw a reserved word","JSHint","carbon-master/lib/util.js:84","carbon-master/lib/util.js","84",""
"7287","Info","Escalated","","Use of ES6 extension","JSHint","carbon-master/components/Button.js:26","carbon-master/components/Button.js","26",""
"7288","Info","Escalated","","Unclosed regular expression","JSHint","carbon-master/components/Button.js:29","carbon-master/components/Button.js","29",""
"7289","Info","Escalated","398","Undeclared variables are global by default","PMD","carbon-master/components/svg/Language.js:6","carbon-master/components/svg/Language.js","6",""
"7290","Info","Escalated","","Unclosed regular expression","JSHint","carbon-master/components/svg/Language.js:9","carbon-master/components/svg/Language.js","9",""
"7291","Info","False Positive","","Expected an identifier","JSHint","carbon-master/components/Toggle.js:11","carbon-master/components/Toggle.js","11",""
"7292","Info","Escalated","","Unclosed regular expression","JSHint","carbon-master/components/Toggle.js:16","carbon-master/components/Toggle.js","16",""
"7293","Info","Escalated","","Use of Mozilla JavaScript extension","JSHint","carbon-master/components/Toggle.js:11","carbon-master/components/Toggle.js","11",""
"7294","Info","Escalated","","Unexpected token","JSHint","carbon-master/components/Toggle.js:13","carbon-master/components/Toggle.js","13",""
"7295","Info","False Positive","","Class properties must be methods","JSHint","carbon-master/components/Toggle.js:8","carbon-master/components/Toggle.js","8",""
"7296","Info","False Positive","","Class properties must be methods","JSHint","carbon-master/components/Toggle.js:11","carbon-master/components/Toggle.js","11",""
"7297","Info","False Positive","","Class properties must be methods","JSHint","carbon-master/components/Toggle.js:7","carbon-master/components/Toggle.js","7",""
"7298","Info","False Positive","","Expected an identifier","JSHint","carbon-master/components/Toggle.js:15","carbon-master/components/Toggle.js","15",""
"7299","Info","False Positive","","Expected an identifier","JSHint","carbon-master/pages/[id].js:35","carbon-master/pages/[id].js","35",""
"7300","Info","Escalated","398","Undeclared variables are global by default","PMD","carbon-master/pages/[id].js:9","carbon-master/pages/[id].js","9",""
"7301","Info","False Positive","","Expected an assignment or function call and saw an expression","JSHint","carbon-master/pages/[id].js:35","carbon-master/pages/[id].js","35",""
"7302","Info","Escalated","","Missing semicolon","JSHint","carbon-master/pages/[id].js:35","carbon-master/pages/[id].js","35",""
"7303","Info","Escalated","398","Undeclared variables are global by default","PMD","carbon-master/pages/[id].js:14","carbon-master/pages/[id].js","14",""
"7304","Info","False Positive","","Expected an operator","JSHint","carbon-master/pages/[id].js:35","carbon-master/pages/[id].js","35",""
"7305","Info","Escalated","","Unclosed regular expression","JSHint","carbon-master/pages/about.js:8","carbon-master/pages/about.js","8",""
"7306","Low","Escalated","","Avoid trailing commas in object and array literals","PMD","carbon-master/lib/custom/modes/apache.js:127-132","carbon-master/lib/custom/modes/apache.js","127-132",""
"7307","Info","False Positive","","Expected an identifier","JSHint","carbon-master/components/Editor.js:112","carbon-master/components/Editor.js","112",""
"7308","Info","False Positive","","Class properties must be methods","JSHint","carbon-master/components/Editor.js:109","carbon-master/components/Editor.js","109",""
"7309","Info","False Positive","","Class properties must be methods","JSHint","carbon-master/components/Editor.js:49","carbon-master/components/Editor.js","49",""
"7310","Info","Escalated","","Use of Mozilla JavaScript extension","JSHint","carbon-master/components/Editor.js:112","carbon-master/components/Editor.js","112",""
"7311","Info","Escalated","","Use of ES6 extension","JSHint","carbon-master/components/Editor.js:293","carbon-master/components/Editor.js","293",""
"7312","Info","Escalated","","Use of Mozilla JavaScript extension","JSHint","carbon-master/components/Editor.js:114","carbon-master/components/Editor.js","114",""
"7313","Info","False Positive","","Expected an identifier","JSHint","carbon-master/components/Editor.js:108","carbon-master/components/Editor.js","108",""
"7314","Info","Escalated","","Use of Mozilla JavaScript extension","JSHint","carbon-master/components/Editor.js:317","carbon-master/components/Editor.js","317",""
"7315","Info","Escalated","","Use of ES6 extension","JSHint","carbon-master/components/Editor.js:296","carbon-master/components/Editor.js","296",""
"7316","Info","Escalated","","Use of ES6 extension","JSHint","carbon-master/components/Editor.js:77","carbon-master/components/Editor.js","77",""
"7317","Info","Escalated","","Use of ES6 extension","JSHint","carbon-master/components/Editor.js:303","carbon-master/components/Editor.js","303",""
"7318","Info","False Positive","","Class properties must be methods","JSHint","carbon-master/components/Editor.js:104","carbon-master/components/Editor.js","104",""
"7319","Info","Escalated","","Missing semicolon","JSHint","carbon-master/components/Editor.js:39","carbon-master/components/Editor.js","39",""
"7320","Info","Escalated","","Use of ES6 extension","JSHint","carbon-master/components/Editor.js:328","carbon-master/components/Editor.js","328",""
"7321","Info","Escalated","","Use of Mozilla JavaScript extension","JSHint","carbon-master/components/Editor.js:307","carbon-master/components/Editor.js","307",""
"7322","Info","Escalated","","Missing semicolon","JSHint","carbon-master/components/Editor.js:217","carbon-master/components/Editor.js","217",""
"7323","Info","False Positive","","Class properties must be methods","JSHint","carbon-master/components/Editor.js:112","carbon-master/components/Editor.js","112",""
"7324","Info","False Positive","","Expected an assignment or function call and saw an expression","JSHint","carbon-master/components/Editor.js:39","carbon-master/components/Editor.js","39",""
"7325","Info","False Positive","","Expected an identifier","JSHint","carbon-master/components/Editor.js:317","carbon-master/components/Editor.js","317",""
"7326","Info","Escalated","","Use of ES6 extension","JSHint","carbon-master/components/Editor.js:312","carbon-master/components/Editor.js","312",""
"7327","Info","False Positive","","Expected an identifier and saw a reserved word","JSHint","carbon-master/components/Editor.js:41","carbon-master/components/Editor.js","41",""
"7328","Info","False Positive","","Class properties must be methods","JSHint","carbon-master/components/Editor.js:108","carbon-master/components/Editor.js","108",""
"7329","Info","Escalated","","Use of Mozilla JavaScript extension","JSHint","carbon-master/components/Editor.js:104","carbon-master/components/Editor.js","104",""
"7330","Info","False Positive","","Expected an identifier","JSHint","carbon-master/components/Editor.js:39","carbon-master/components/Editor.js","39",""
"7331","Info","Escalated","","Use of ES6 extension","JSHint","carbon-master/components/Editor.js:55","carbon-master/components/Editor.js","55",""
"7332","Info","False Positive","","Class properties must be methods","JSHint","carbon-master/components/Editor.js:114","carbon-master/components/Editor.js","114",""
"7333","Info","Escalated","","Unclosed regular expression","JSHint","carbon-master/components/Editor.js:425","carbon-master/components/Editor.js","425",""
"7334","Info","False Positive","","Class properties must be methods","JSHint","carbon-master/components/Editor.js:307","carbon-master/components/Editor.js","307",""
"7335","Info","False Positive","","Expected an identifier and saw a reserved word","JSHint","carbon-master/components/Editor.js:112","carbon-master/components/Editor.js","112",""
"7336","Info","Escalated","","Missing semicolon","JSHint","carbon-master/components/Editor.js:213","carbon-master/components/Editor.js","213",""
"7337","Info","Escalated","","Use of ES6 extension","JSHint","carbon-master/components/Editor.js:54","carbon-master/components/Editor.js","54",""
"7338","Info","Escalated","","Use of ES6 extension","JSHint","carbon-master/components/Editor.js:70","carbon-master/components/Editor.js","70",""
"7339","Info","Escalated","","Missing semicolon","JSHint","carbon-master/components/Editor.js:221","carbon-master/components/Editor.js","221",""
"7340","Info","False Positive","","Class properties must be methods","JSHint","carbon-master/components/Editor.js:316","carbon-master/components/Editor.js","316",""
"7341","Info","Escalated","","Use of Mozilla JavaScript extension","JSHint","carbon-master/components/Editor.js:108","carbon-master/components/Editor.js","108",""
"7342","Info","Escalated","","Use of ES6 extension","JSHint","carbon-master/components/Editor.js:79","carbon-master/components/Editor.js","79",""
"7343","Info","Escalated","","Use of ES6 extension","JSHint","carbon-master/components/Editor.js:311","carbon-master/components/Editor.js","311",""
"7344","Info","Escalated","","Use of ES6 extension","JSHint","carbon-master/components/Editor.js:132","carbon-master/components/Editor.js","132",""
"7345","Info","Escalated","","Use of ES6 extension","JSHint","carbon-master/components/Editor.js:131","carbon-master/components/Editor.js","131",""
"7346","Info","False Positive","","Missing semicolon","JSHint","carbon-master/components/Editor.js:359","carbon-master/components/Editor.js","359",""
"7347","Info","Escalated","","Unclosed regular expression","JSHint","carbon-master/components/Footer.js:11","carbon-master/components/Footer.js","11",""
"7348","Info","Escalated","","Unexpected token","JSHint","carbon-master/lib/custom/modes/riscv.js:646","carbon-master/lib/custom/modes/riscv.js","646",""
"7349","Low","Escalated","","Avoid trailing commas in object and array literals","PMD","carbon-master/lib/custom/modes/riscv.js:483-552","carbon-master/lib/custom/modes/riscv.js","483-552",""
"7350","Low","Escalated","","Avoid trailing commas in object and array literals","PMD","carbon-master/lib/custom/modes/riscv.js:559-601","carbon-master/lib/custom/modes/riscv.js","559-601",""
"7351","Low","Escalated","","Avoid trailing commas in object and array literals","PMD","carbon-master/lib/custom/modes/riscv.js:71-475","carbon-master/lib/custom/modes/riscv.js","71-475",""
"7352","Low","Escalated","","Avoid trailing commas in object and array literals","PMD","carbon-master/lib/custom/modes/riscv.js:656-675","carbon-master/lib/custom/modes/riscv.js","656-675",""
"7353","Info","Escalated","","Unclosed regular expression","JSHint","carbon-master/components/style/Reset.js:275","carbon-master/components/style/Reset.js","275",""
"7354","Info","Escalated","398","Undeclared variables are global by default","PMD","carbon-master/components/Toolbar.js:3-8","carbon-master/components/Toolbar.js","3-8",""
"7355","Info","Escalated","","Unclosed regular expression","JSHint","carbon-master/components/Toolbar.js:38","carbon-master/components/Toolbar.js","38",""
"7356","Low","Escalated","","Avoid trailing commas in object and array literals","PMD","carbon-master/lib/constants.js:808-813","carbon-master/lib/constants.js","808-813",""
"7357","Low","Escalated","","Avoid trailing commas in object and array literals","PMD","carbon-master/lib/constants.js:949-953","carbon-master/lib/constants.js","949-953",""
"7358","Low","Escalated","","Avoid trailing commas in object and array literals","PMD","carbon-master/lib/constants.js:979-985","carbon-master/lib/constants.js","979-985",""
"7359","Low","Escalated","","Avoid trailing commas in object and array literals","PMD","carbon-master/lib/constants.js:927-933","carbon-master/lib/constants.js","927-933",""
"7360","Low","Escalated","","Avoid trailing commas in object and array literals","PMD","carbon-master/lib/constants.js:1007-1011","carbon-master/lib/constants.js","1007-1011",""
"7361","Low","Escalated","","Avoid trailing commas in object and array literals","PMD","carbon-master/lib/constants.js:898-902","carbon-master/lib/constants.js","898-902",""
"7362","Low","Escalated","","Avoid trailing commas in object and array literals","PMD","carbon-master/lib/constants.js:784-790","carbon-master/lib/constants.js","784-790",""
"7363","Low","Escalated","","Avoid trailing commas in object and array literals","PMD","carbon-master/lib/constants.js:684-688","carbon-master/lib/constants.js","684-688",""
"7364","Low","Escalated","","Avoid trailing commas in object and array literals","PMD","carbon-master/lib/constants.js:858-863","carbon-master/lib/constants.js","858-863",""
"7365","Low","Escalated","","Avoid trailing commas in object and array literals","PMD","carbon-master/lib/constants.js:974-978","carbon-master/lib/constants.js","974-978",""
"7366","Low","Escalated","","Avoid trailing commas in object and array literals","PMD","carbon-master/lib/constants.js:628-634","carbon-master/lib/constants.js","628-634",""
"7367","Low","Escalated","","Avoid trailing commas in object and array literals","PMD","carbon-master/lib/constants.js:934-938","carbon-master/lib/constants.js","934-938",""
"7368","Low","Escalated","","Avoid trailing commas in object and array literals","PMD","carbon-master/lib/constants.js:939-943","carbon-master/lib/constants.js","939-943",""
"7369","Low","Escalated","","Avoid trailing commas in object and array literals","PMD","carbon-master/lib/constants.js:918-922","carbon-master/lib/constants.js","918-922",""
"7370","Low","Escalated","","Avoid trailing commas in object and array literals","PMD","carbon-master/lib/constants.js:699-704","carbon-master/lib/constants.js","699-704",""
"7371","Low","Escalated","","Avoid trailing commas in object and array literals","PMD","carbon-master/lib/constants.js:923-926","carbon-master/lib/constants.js","923-926",""
"7372","Low","Escalated","","Avoid trailing commas in object and array literals","PMD","carbon-master/lib/constants.js:665-669","carbon-master/lib/constants.js","665-669",""
"7373","Low","Escalated","","Avoid trailing commas in object and array literals","PMD","carbon-master/lib/constants.js:1021-1025","carbon-master/lib/constants.js","1021-1025",""
"7374","Low","Escalated","","Avoid trailing commas in object and array literals","PMD","carbon-master/lib/constants.js:670-673","carbon-master/lib/constants.js","670-673",""
"7375","Low","Escalated","","Avoid trailing commas in object and array literals","PMD","carbon-master/lib/constants.js:877-880","carbon-master/lib/constants.js","877-880",""
"7376","Low","Escalated","","Avoid trailing commas in object and array literals","PMD","carbon-master/lib/constants.js:721-725","carbon-master/lib/constants.js","721-725",""
"7377","Low","Escalated","","Avoid trailing commas in object and array literals","PMD","carbon-master/lib/constants.js:954-959","carbon-master/lib/constants.js","954-959",""
"7378","Low","Escalated","","Avoid trailing commas in object and array literals","PMD","carbon-master/lib/constants.js:1002-1006","carbon-master/lib/constants.js","1002-1006",""
"7379","Low","Escalated","","Avoid trailing commas in object and array literals","PMD","carbon-master/lib/constants.js:757-761","carbon-master/lib/constants.js","757-761",""
"7380","Low","Escalated","","Avoid trailing commas in object and array literals","PMD","carbon-master/lib/constants.js:908-912","carbon-master/lib/constants.js","908-912",""
"7381","Low","Escalated","","Avoid trailing commas in object and array literals","PMD","carbon-master/lib/constants.js:864-870","carbon-master/lib/constants.js","864-870",""
"7382","Low","Escalated","","Avoid trailing commas in object and array literals","PMD","carbon-master/lib/constants.js:689-693","carbon-master/lib/constants.js","689-693",""
"7383","Low","Escalated","","Avoid trailing commas in object and array literals","PMD","carbon-master/lib/constants.js:796-800","carbon-master/lib/constants.js","796-800",""
"7384","Low","Escalated","","Avoid trailing commas in object and array literals","PMD","carbon-master/lib/constants.js:825-829","carbon-master/lib/constants.js","825-829",""
"7385","Low","Escalated","","Avoid trailing commas in object and array literals","PMD","carbon-master/lib/constants.js:741-745","carbon-master/lib/constants.js","741-745",""
"7386","Low","Escalated","","Avoid trailing commas in object and array literals","PMD","carbon-master/lib/constants.js:842-847","carbon-master/lib/constants.js","842-847",""
"7387","Low","Escalated","","Avoid trailing commas in object and array literals","PMD","carbon-master/lib/constants.js:762-766","carbon-master/lib/constants.js","762-766",""
"7388","Low","Escalated","","Avoid trailing commas in object and array literals","PMD","carbon-master/lib/constants.js:903-907","carbon-master/lib/constants.js","903-907",""
"7389","Low","Escalated","","Avoid trailing commas in object and array literals","PMD","carbon-master/lib/constants.js:679-683","carbon-master/lib/constants.js","679-683",""
"7390","Low","Escalated","","Avoid trailing commas in object and array literals","PMD","carbon-master/lib/constants.js:645-650","carbon-master/lib/constants.js","645-650",""
"7391","Low","Escalated","","Avoid trailing commas in object and array literals","PMD","carbon-master/lib/constants.js:913-917","carbon-master/lib/constants.js","913-917",""
"7392","Low","Escalated","","Avoid trailing commas in object and array literals","PMD","carbon-master/lib/constants.js:736-740","carbon-master/lib/constants.js","736-740",""
"7393","Low","Escalated","","Avoid trailing commas in object and array literals","PMD","carbon-master/lib/constants.js:791-795","carbon-master/lib/constants.js","791-795",""
"7394","Low","Escalated","","Avoid trailing commas in object and array literals","PMD","carbon-master/lib/constants.js:960-964","carbon-master/lib/constants.js","960-964",""
"7395","Low","Escalated","","Avoid trailing commas in object and array literals","PMD","carbon-master/lib/constants.js:992-997","carbon-master/lib/constants.js","992-997",""
"7396","Low","Escalated","","Avoid trailing commas in object and array literals","PMD","carbon-master/lib/constants.js:705-709","carbon-master/lib/constants.js","705-709",""
"7397","Low","Escalated","","Avoid trailing commas in object and array literals","PMD","carbon-master/lib/constants.js:658-664","carbon-master/lib/constants.js","658-664",""
"7398","Low","Escalated","","Avoid trailing commas in object and array literals","PMD","carbon-master/lib/constants.js:731-735","carbon-master/lib/constants.js","731-735",""
"7399","Low","Escalated","","Avoid trailing commas in object and array literals","PMD","carbon-master/lib/constants.js:986-991","carbon-master/lib/constants.js","986-991",""
"7400","Low","Escalated","","Avoid trailing commas in object and array literals","PMD","carbon-master/lib/constants.js:814-819","carbon-master/lib/constants.js","814-819",""
"7401","Low","Escalated","","Avoid trailing commas in object and array literals","PMD","carbon-master/lib/constants.js:801-807","carbon-master/lib/constants.js","801-807",""
"7402","Low","Escalated","","Avoid trailing commas in object and array literals","PMD","carbon-master/lib/constants.js:715-720","carbon-master/lib/constants.js","715-720",""
"7403","Low","Escalated","","Avoid trailing commas in object and array literals","PMD","carbon-master/lib/constants.js:752-756","carbon-master/lib/constants.js","752-756",""
"7404","Low","Escalated","","Avoid trailing commas in object and array literals","PMD","carbon-master/lib/constants.js:778-783","carbon-master/lib/constants.js","778-783",""
"7405","Low","Escalated","","Avoid trailing commas in object and array literals","PMD","carbon-master/lib/constants.js:624-627","carbon-master/lib/constants.js","624-627",""
"7406","Low","Escalated","","Avoid trailing commas in object and array literals","PMD","carbon-master/lib/constants.js:1012-1015","carbon-master/lib/constants.js","1012-1015",""
"7407","Low","Escalated","","Avoid trailing commas in object and array literals","PMD","carbon-master/lib/constants.js:771-777","carbon-master/lib/constants.js","771-777",""
"7408","Low","Escalated","","Avoid trailing commas in object and array literals","PMD","carbon-master/lib/constants.js:710-714","carbon-master/lib/constants.js","710-714",""
"7409","Low","Escalated","","Avoid trailing commas in object and array literals","PMD","carbon-master/lib/constants.js:970-973","carbon-master/lib/constants.js","970-973",""
"7410","Low","Escalated","","Avoid trailing commas in object and array literals","PMD","carbon-master/lib/constants.js:886-892","carbon-master/lib/constants.js","886-892",""
"7411","Low","Escalated","","Avoid trailing commas in object and array literals","PMD","carbon-master/lib/constants.js:853-857","carbon-master/lib/constants.js","853-857",""
"7412","Low","Escalated","","Avoid trailing commas in object and array literals","PMD","carbon-master/lib/constants.js:635-640","carbon-master/lib/constants.js","635-640",""
"7413","Low","Escalated","","Avoid trailing commas in object and array literals","PMD","carbon-master/lib/constants.js:1016-1020","carbon-master/lib/constants.js","1016-1020",""
"7414","Low","Escalated","","Avoid trailing commas in object and array literals","PMD","carbon-master/lib/constants.js:893-897","carbon-master/lib/constants.js","893-897",""
"7415","Low","Escalated","","Avoid trailing commas in object and array literals","PMD","carbon-master/lib/constants.js:965-969","carbon-master/lib/constants.js","965-969",""
"7416","Low","Escalated","","Avoid trailing commas in object and array literals","PMD","carbon-master/lib/constants.js:767-770","carbon-master/lib/constants.js","767-770",""
"7417","Low","Escalated","","Avoid trailing commas in object and array literals","PMD","carbon-master/lib/constants.js:848-852","carbon-master/lib/constants.js","848-852",""
"7418","Low","Escalated","","Avoid trailing commas in object and array literals","PMD","carbon-master/lib/constants.js:830-834","carbon-master/lib/constants.js","830-834",""
"7419","Low","Escalated","","Avoid trailing commas in object and array literals","PMD","carbon-master/lib/constants.js:641-644","carbon-master/lib/constants.js","641-644",""
"7420","Low","Escalated","","Avoid trailing commas in object and array literals","PMD","carbon-master/lib/constants.js:651-657","carbon-master/lib/constants.js","651-657",""
"7421","Low","Escalated","","Avoid trailing commas in object and array literals","PMD","carbon-master/lib/constants.js:746-751","carbon-master/lib/constants.js","746-751",""
"7422","Low","Escalated","","Avoid trailing commas in object and array literals","PMD","carbon-master/lib/constants.js:820-824","carbon-master/lib/constants.js","820-824",""
"7423","Low","Escalated","","Avoid trailing commas in object and array literals","PMD","carbon-master/lib/constants.js:835-841","carbon-master/lib/constants.js","835-841",""
"7424","Low","Escalated","","Avoid trailing commas in object and array literals","PMD","carbon-master/lib/constants.js:998-1001","carbon-master/lib/constants.js","998-1001",""
"7425","Low","Escalated","","Avoid trailing commas in object and array literals","PMD","carbon-master/lib/constants.js:726-730","carbon-master/lib/constants.js","726-730",""
"7426","Low","Escalated","","Avoid trailing commas in object and array literals","PMD","carbon-master/lib/constants.js:881-885","carbon-master/lib/constants.js","881-885",""
"7427","Low","Escalated","","Avoid trailing commas in object and array literals","PMD","carbon-master/lib/constants.js:694-698","carbon-master/lib/constants.js","694-698",""
"7428","Low","Escalated","","Avoid trailing commas in object and array literals","PMD","carbon-master/lib/constants.js:871-876","carbon-master/lib/constants.js","871-876",""
"7429","Low","Escalated","","Avoid trailing commas in object and array literals","PMD","carbon-master/lib/constants.js:944-948","carbon-master/lib/constants.js","944-948",""
"7430","Low","Escalated","","Avoid trailing commas in object and array literals","PMD","carbon-master/lib/constants.js:674-678","carbon-master/lib/constants.js","674-678",""
"7431","Low","Escalated","","Avoid trailing commas in object and array literals","PMD","carbon-master/lib/constants.js:3-17","carbon-master/lib/constants.js","3-17",""
"7432","Info","Escalated","","Use of ES6 extension","JSHint","carbon-master/lib/constants.js:1114","carbon-master/lib/constants.js","1114",""
"7433","Info","Escalated","","Use of ES6 extension","JSHint","carbon-master/lib/constants.js:1104","carbon-master/lib/constants.js","1104",""
"7434","Info","Escalated","","Use of ES6 extension","JSHint","carbon-master/lib/constants.js:1164","carbon-master/lib/constants.js","1164",""
"7435","Info","Escalated","","Use of ES6 extension","JSHint","carbon-master/lib/constants.js:1181","carbon-master/lib/constants.js","1181",""
"7436","Info","Escalated","","Use of ES6 extension","JSHint","carbon-master/lib/constants.js:1146","carbon-master/lib/constants.js","1146",""
"7437","Info","Escalated","","Use of ES6 extension","JSHint","carbon-master/lib/constants.js:1174","carbon-master/lib/constants.js","1174",""
"7438","Info","Escalated","","Use of ES6 extension","JSHint","carbon-master/lib/constants.js:1134","carbon-master/lib/constants.js","1134",""
"7439","Info","Escalated","","Use of ES6 extension","JSHint","carbon-master/lib/constants.js:1099","carbon-master/lib/constants.js","1099",""
"7440","Info","Escalated","398","Undeclared variables are global by default","PMD","carbon-master/lib/constants.js:1062-1068","carbon-master/lib/constants.js","1062-1068",""
"7441","Info","Escalated","","Use of ES6 extension","JSHint","carbon-master/lib/constants.js:1124","carbon-master/lib/constants.js","1124",""
"7442","Info","Escalated","","Use of ES6 extension","JSHint","carbon-master/lib/constants.js:1154","carbon-master/lib/constants.js","1154",""
"7443","Info","False Positive","398","Undeclared variables are global by default","PMD","carbon-master/components/ExportMenu.js:128","carbon-master/components/ExportMenu.js","128",""
"7444","Info","Escalated","","Unclosed regular expression","JSHint","carbon-master/components/ExportMenu.js:75","carbon-master/components/ExportMenu.js","75",""
"7445","Low","Escalated","","Avoid trailing commas in object and array literals","PMD","carbon-master/components/ExportMenu.js:58-60","carbon-master/components/ExportMenu.js","58-60",""
"7446","Info","Escalated","398","Undeclared variables are global by default","PMD","carbon-master/components/ExportMenu.js:11","carbon-master/components/ExportMenu.js","11",""
"7447","Info","Escalated","398","Undeclared variables are global by default","PMD","carbon-master/components/ExportMenu.js:45","carbon-master/components/ExportMenu.js","45",""
"7448","Info","False Positive","","Expected an identifier","JSHint","carbon-master/components/ThemeSelect.js:10","carbon-master/components/ThemeSelect.js","10",""
"7449","Info","Escalated","","Unclosed regular expression","JSHint","carbon-master/components/ThemeSelect.js:47","carbon-master/components/ThemeSelect.js","47",""
"7450","Info","False Positive","","Missing semicolon","JSHint","carbon-master/components/ThemeSelect.js:15","carbon-master/components/ThemeSelect.js","15",""
"7451","Info","Escalated","398","Undeclared variables are global by default","PMD","carbon-master/components/ThemeSelect.js:5","carbon-master/components/ThemeSelect.js","5",""
"7452","Info","False Positive","","Expected an identifier and saw a reserved word","JSHint","carbon-master/components/ThemeSelect.js:10","carbon-master/components/ThemeSelect.js","10",""
"7453","Info","False Positive","","Class properties must be methods","JSHint","carbon-master/components/ThemeSelect.js:9","carbon-master/components/ThemeSelect.js","9",""
"7454","Info","Escalated","","Unclosed regular expression","JSHint","carbon-master/components/Announcement.js:39","carbon-master/components/Announcement.js","39",""
