ID,Severity,CWE,Type,Tool,Location,Path,FileName,Line,Status,risk_level,output
66621,High,22.0,Path Traversal,ESLint,Atom x64\resources\app\apm\lib\link.js,Atom x64\resources\app\apm\lib,,52,Escalated,,True Positive
66622,Medium,665.0,Initialization,ESLint,Atom x64\resources\app\apm\lib\link.js,Atom x64\resources\app\apm\lib,,4,False Positive,,False Positive
66623,Medium,665.0,Initialization,ESLint,Atom x64\resources\app\apm\lib\link.js,Atom x64\resources\app\apm\lib,,8,False Positive,,False Positive
66624,High,22.0,Path Traversal,ESLint,Atom x64\resources\app\apm\lib\link.js,Atom x64\resources\app\apm\lib,,35,Escalated,,True Positive
66626,Medium,665.0,Initialization,ESLint,Atom x64\resources\app\apm\lib\link.js,Atom x64\resources\app\apm\lib,,6,False Positive,,False Positive
66627,Medium,665.0,Initialization,ESLint,Atom x64\resources\app\apm\lib\link.js,Atom x64\resources\app\apm\lib,,10,False Positive,,False Positive
66628,Medium,665.0,Initialization,ESLint,Atom x64\resources\app\apm\lib\link.js,Atom x64\resources\app\apm\lib,,12,False Positive,,False Positive
66630,Medium,665.0,Initialization,ESLint,Atom x64\resources\app\apm\lib\link.js,Atom x64\resources\app\apm\lib,,16,False Positive,,False Positive
66631,Medium,665.0,Initialization,ESLint,Atom x64\resources\app\apm\lib\link.js,Atom x64\resources\app\apm\lib,,31,False Positive,,False Positive
66633,Medium,665.0,Initialization,ESLint,Atom x64\resources\app\apm\lib\link.js,Atom x64\resources\app\apm\lib,,14,False Positive,,False Positive
66634,High,22.0,Path Traversal,ESLint,Atom x64\resources\app\apm\lib\link.js,Atom x64\resources\app\apm\lib,,55,Escalated,,True Positive
66637,High,79.0,Cross-site Scripting (XSS),ESLint,Atom x64\resources\app\apm\lib\link.js,Atom x64\resources\app\apm\lib,,21,Escalated,,True Positive
66638,High,22.0,Path Traversal,ESLint,Atom x64\resources\app\apm\lib\link.js,Atom x64\resources\app\apm\lib,,46,Escalated,,True Positive
66777,Medium,665.0,Initialization,ESLint,Atom x64\resources\app\apm\lib\star.js,Atom x64\resources\app\apm\lib,,16,False Positive,,False Positive
66778,Medium,665.0,Initialization,ESLint,Atom x64\resources\app\apm\lib\star.js,Atom x64\resources\app\apm\lib,,8,False Positive,,False Positive
66780,High,22.0,Path Traversal,ESLint,Atom x64\resources\app\apm\lib\star.js,Atom x64\resources\app\apm\lib,,80,Escalated,,True Positive
66782,Medium,665.0,Initialization,ESLint,Atom x64\resources\app\apm\lib\star.js,Atom x64\resources\app\apm\lib,,6,False Positive,,False Positive
66785,Medium,665.0,Initialization,ESLint,Atom x64\resources\app\apm\lib\star.js,Atom x64\resources\app\apm\lib,,22,False Positive,,False Positive
66786,Medium,665.0,Initialization,ESLint,Atom x64\resources\app\apm\lib\star.js,Atom x64\resources\app\apm\lib,,39,False Positive,,False Positive
66787,Medium,665.0,Initialization,ESLint,Atom x64\resources\app\apm\lib\star.js,Atom x64\resources\app\apm\lib,,12,False Positive,,False Positive
66794,Medium,665.0,Initialization,ESLint,Atom x64\resources\app\apm\lib\star.js,Atom x64\resources\app\apm\lib,,14,False Positive,,False Positive
66795,Medium,665.0,Initialization,ESLint,Atom x64\resources\app\apm\lib\star.js,Atom x64\resources\app\apm\lib,,38,False Positive,,False Positive
66797,Medium,665.0,Initialization,ESLint,Atom x64\resources\app\apm\lib\star.js,Atom x64\resources\app\apm\lib,,10,False Positive,,False Positive
66799,Medium,665.0,Initialization,ESLint,Atom x64\resources\app\apm\lib\star.js,Atom x64\resources\app\apm\lib,,24,False Positive,,False Positive
66800,High,79.0,Cross-site Scripting (XSS),ESLint,Atom x64\resources\app\apm\lib\star.js,Atom x64\resources\app\apm\lib,,31,Escalated,,True Positive
66801,Medium,665.0,Initialization,ESLint,Atom x64\resources\app\apm\lib\star.js,Atom x64\resources\app\apm\lib,,55,False Positive,,False Positive
66804,Medium,665.0,Initialization,ESLint,Atom x64\resources\app\apm\lib\star.js,Atom x64\resources\app\apm\lib,,20,False Positive,,False Positive
66805,Medium,665.0,Initialization,ESLint,Atom x64\resources\app\apm\lib\star.js,Atom x64\resources\app\apm\lib,,41,False Positive,,False Positive
66806,Medium,665.0,Initialization,ESLint,Atom x64\resources\app\apm\lib\star.js,Atom x64\resources\app\apm\lib,,26,False Positive,,False Positive
66808,High,697.0,Comparison,ESLint,Atom x64\resources\app\apm\lib\star.js,Atom x64\resources\app\apm\lib,,78,Escalated,,True Positive
66809,Medium,665.0,Initialization,ESLint,Atom x64\resources\app\apm\lib\star.js,Atom x64\resources\app\apm\lib,,18,False Positive,,False Positive
66812,High,77.0,Command Injection,ESLint,Atom x64\resources\app\apm\lib\star.js,Atom x64\resources\app\apm\lib,,74,False Positive,,False Positive
66813,Medium,665.0,Initialization,ESLint,Atom x64\resources\app\apm\lib\star.js,Atom x64\resources\app\apm\lib,,4,False Positive,,False Positive
66981,High,77.0,Command Injection,ESLint,Atom x64\resources\app\apm\lib\view.js,Atom x64\resources\app\apm\lib,,51,Escalated,,True Positive
66986,Medium,665.0,Initialization,ESLint,Atom x64\resources\app\apm\lib\view.js,Atom x64\resources\app\apm\lib,,18,False Positive,,False Positive
66990,High,77.0,Command Injection,ESLint,Atom x64\resources\app\apm\lib\view.js,Atom x64\resources\app\apm\lib,,97,Escalated,,True Positive
66992,High,697.0,Comparison,ESLint,Atom x64\resources\app\apm\lib\view.js,Atom x64\resources\app\apm\lib,,78,Escalated,,True Positive
66993,Medium,665.0,Initialization,ESLint,Atom x64\resources\app\apm\lib\view.js,Atom x64\resources\app\apm\lib,,10,False Positive,,False Positive
66994,Medium,665.0,Initialization,ESLint,Atom x64\resources\app\apm\lib\view.js,Atom x64\resources\app\apm\lib,,30,False Positive,,False Positive
66998,High,79.0,Cross-site Scripting (XSS),ESLint,Atom x64\resources\app\apm\lib\view.js,Atom x64\resources\app\apm\lib,,23,Escalated,,True Positive
66999,Medium,665.0,Initialization,ESLint,Atom x64\resources\app\apm\lib\view.js,Atom x64\resources\app\apm\lib,,14,False Positive,,False Positive
67001,Medium,665.0,Initialization,ESLint,Atom x64\resources\app\apm\lib\view.js,Atom x64\resources\app\apm\lib,,8,False Positive,,False Positive
67002,Medium,665.0,Initialization,ESLint,Atom x64\resources\app\apm\lib\view.js,Atom x64\resources\app\apm\lib,,6,False Positive,,False Positive
67004,Medium,665.0,Initialization,ESLint,Atom x64\resources\app\apm\lib\view.js,Atom x64\resources\app\apm\lib,,12,False Positive,,False Positive
67005,Medium,665.0,Initialization,ESLint,Atom x64\resources\app\apm\lib\view.js,Atom x64\resources\app\apm\lib,,16,False Positive,,False Positive
67006,Medium,665.0,Initialization,ESLint,Atom x64\resources\app\apm\lib\view.js,Atom x64\resources\app\apm\lib,,4,False Positive,,False Positive
67008,High,697.0,Comparison,ESLint,Atom x64\resources\app\apm\lib\view.js,Atom x64\resources\app\apm\lib,,131,Escalated,,True Positive
68079,Medium,665.0,Initialization,ESLint,Atom x64\resources\app\apm\lib\unlink.js,Atom x64\resources\app\apm\lib,,6,False Positive,,False Positive
68081,Medium,665.0,Initialization,ESLint,Atom x64\resources\app\apm\lib\unlink.js,Atom x64\resources\app\apm\lib,,8,False Positive,,False Positive
68085,Medium,665.0,Initialization,ESLint,Atom x64\resources\app\apm\lib\unlink.js,Atom x64\resources\app\apm\lib,,12,False Positive,,False Positive
68086,Medium,665.0,Initialization,ESLint,Atom x64\resources\app\apm\lib\unlink.js,Atom x64\resources\app\apm\lib,,45,False Positive,,False Positive
68091,High,22.0,Path Traversal,ESLint,Atom x64\resources\app\apm\lib\unlink.js,Atom x64\resources\app\apm\lib,,88,Escalated,,True Positive
68092,High,79.0,Cross-site Scripting (XSS),ESLint,Atom x64\resources\app\apm\lib\unlink.js,Atom x64\resources\app\apm\lib,,27,Escalated,,True Positive
68097,Medium,665.0,Initialization,ESLint,Atom x64\resources\app\apm\lib\unlink.js,Atom x64\resources\app\apm\lib,,4,False Positive,,False Positive
68101,Medium,665.0,Initialization,ESLint,Atom x64\resources\app\apm\lib\unlink.js,Atom x64\resources\app\apm\lib,,10,False Positive,,False Positive
68102,Medium,665.0,Initialization,ESLint,Atom x64\resources\app\apm\lib\unlink.js,Atom x64\resources\app\apm\lib,,86,False Positive,,False Positive
68106,Medium,665.0,Initialization,ESLint,Atom x64\resources\app\apm\lib\unlink.js,Atom x64\resources\app\apm\lib,,16,False Positive,,False Positive
68109,High,77.0,Command Injection,ESLint,Atom x64\resources\app\apm\lib\unlink.js,Atom x64\resources\app\apm\lib,,60,False Positive,,False Positive
68111,High,22.0,Path Traversal,ESLint,Atom x64\resources\app\apm\lib\unlink.js,Atom x64\resources\app\apm\lib,,46,Escalated,,True Positive
68112,Medium,665.0,Initialization,ESLint,Atom x64\resources\app\apm\lib\unlink.js,Atom x64\resources\app\apm\lib,,14,False Positive,,False Positive
68113,High,77.0,Command Injection,ESLint,Atom x64\resources\app\apm\lib\unlink.js,Atom x64\resources\app\apm\lib,,69,False Positive,,False Positive
68577,Medium,665.0,Initialization,ESLint,Atom x64\resources\app\apm\lib\auth.js,Atom x64\resources\app\apm\lib,,39,False Positive,,False Positive
68578,Medium,665.0,Initialization,ESLint,Atom x64\resources\app\apm\lib\auth.js,Atom x64\resources\app\apm\lib,,5,False Positive,,False Positive
68579,High,697.0,Comparison,ESLint,Atom x64\resources\app\apm\lib\auth.js,Atom x64\resources\app\apm\lib,,39,Escalated,,True Positive
68580,Medium,665.0,Initialization,ESLint,Atom x64\resources\app\apm\lib\auth.js,Atom x64\resources\app\apm\lib,,9,False Positive,,False Positive
68582,Medium,665.0,Initialization,ESLint,Atom x64\resources\app\apm\lib\auth.js,Atom x64\resources\app\apm\lib,,25,False Positive,,False Positive
68641,Medium,665.0,Initialization,ESLint,Atom x64\resources\app\apm\lib\deprecated-packages.js,Atom x64\resources\app\apm\lib,,8,False Positive,,False Positive
68642,Medium,665.0,Initialization,ESLint,Atom x64\resources\app\apm\lib\deprecated-packages.js,Atom x64\resources\app\apm\lib,,11,False Positive,,False Positive
68643,High,77.0,Command Injection,ESLint,Atom x64\resources\app\apm\lib\deprecated-packages.js,Atom x64\resources\app\apm\lib,,16,Escalated,,True Positive
68645,Medium,665.0,Initialization,ESLint,Atom x64\resources\app\apm\lib\deprecated-packages.js,Atom x64\resources\app\apm\lib,,4,False Positive,,False Positive
70344,Medium,665.0,Initialization,ESLint,Atom x64\resources\app\apm\lib\apm-cli.js,Atom x64\resources\app\apm\lib,,91,False Positive,,False Positive
70346,Medium,665.0,Initialization,ESLint,Atom x64\resources\app\apm\lib\apm-cli.js,Atom x64\resources\app\apm\lib,,42,False Positive,,False Positive
70347,High,697.0,Comparison,ESLint,Atom x64\resources\app\apm\lib\apm-cli.js,Atom x64\resources\app\apm\lib,,246,Escalated,,True Positive
70349,Medium,665.0,Initialization,ESLint,Atom x64\resources\app\apm\lib\apm-cli.js,Atom x64\resources\app\apm\lib,,30,False Positive,,False Positive
70350,Medium,665.0,Initialization,ESLint,Atom x64\resources\app\apm\lib\apm-cli.js,Atom x64\resources\app\apm\lib,,120,False Positive,,False Positive
70351,Medium,665.0,Initialization,ESLint,Atom x64\resources\app\apm\lib\apm-cli.js,Atom x64\resources\app\apm\lib,,138,False Positive,,False Positive
70353,Medium,665.0,Initialization,ESLint,Atom x64\resources\app\apm\lib\apm-cli.js,Atom x64\resources\app\apm\lib,,155,False Positive,,False Positive
70354,Medium,665.0,Initialization,ESLint,Atom x64\resources\app\apm\lib\apm-cli.js,Atom x64\resources\app\apm\lib,,16,False Positive,,False Positive
70357,Medium,665.0,Initialization,ESLint,Atom x64\resources\app\apm\lib\apm-cli.js,Atom x64\resources\app\apm\lib,,25,False Positive,,False Positive
70358,Medium,665.0,Initialization,ESLint,Atom x64\resources\app\apm\lib\apm-cli.js,Atom x64\resources\app\apm\lib,,14,False Positive,,False Positive
70359,High,77.0,Command Injection,ESLint,Atom x64\resources\app\apm\lib\apm-cli.js,Atom x64\resources\app\apm\lib,,51,Escalated,,True Positive
70360,Medium,665.0,Initialization,ESLint,Atom x64\resources\app\apm\lib\apm-cli.js,Atom x64\resources\app\apm\lib,,10,False Positive,,False Positive
70361,Medium,665.0,Initialization,ESLint,Atom x64\resources\app\apm\lib\apm-cli.js,Atom x64\resources\app\apm\lib,,4,False Positive,,False Positive
70362,Medium,665.0,Initialization,ESLint,Atom x64\resources\app\apm\lib\apm-cli.js,Atom x64\resources\app\apm\lib,,89,False Positive,,False Positive
70364,Medium,665.0,Initialization,ESLint,Atom x64\resources\app\apm\lib\apm-cli.js,Atom x64\resources\app\apm\lib,,6,False Positive,,False Positive
70366,High,77.0,Command Injection,ESLint,Atom x64\resources\app\apm\lib\apm-cli.js,Atom x64\resources\app\apm\lib,,4,Escalated,,True Positive
70368,Medium,665.0,Initialization,ESLint,Atom x64\resources\app\apm\lib\apm-cli.js,Atom x64\resources\app\apm\lib,,21,False Positive,,False Positive
70369,Medium,665.0,Initialization,ESLint,Atom x64\resources\app\apm\lib\apm-cli.js,Atom x64\resources\app\apm\lib,,181,False Positive,,False Positive
70370,High,77.0,Command Injection,ESLint,Atom x64\resources\app\apm\lib\apm-cli.js,Atom x64\resources\app\apm\lib,,138,Escalated,,True Positive
70371,High,697.0,Comparison,ESLint,Atom x64\resources\app\apm\lib\apm-cli.js,Atom x64\resources\app\apm\lib,,232,Escalated,,True Positive
70372,High,77.0,Command Injection,ESLint,Atom x64\resources\app\apm\lib\apm-cli.js,Atom x64\resources\app\apm\lib,,50,False Positive,,False Positive
70375,Medium,665.0,Initialization,ESLint,Atom x64\resources\app\apm\lib\apm-cli.js,Atom x64\resources\app\apm\lib,,12,False Positive,,False Positive
70376,Medium,665.0,Initialization,ESLint,Atom x64\resources\app\apm\lib\apm-cli.js,Atom x64\resources\app\apm\lib,,29,False Positive,,False Positive
70377,Medium,665.0,Initialization,ESLint,Atom x64\resources\app\apm\lib\apm-cli.js,Atom x64\resources\app\apm\lib,,90,False Positive,,False Positive
70378,Medium,665.0,Initialization,ESLint,Atom x64\resources\app\apm\lib\apm-cli.js,Atom x64\resources\app\apm\lib,,8,False Positive,,False Positive
70379,High,697.0,Comparison,ESLint,Atom x64\resources\app\apm\lib\apm-cli.js,Atom x64\resources\app\apm\lib,,240,Escalated,,True Positive
70381,Medium,665.0,Initialization,ESLint,Atom x64\resources\app\apm\lib\apm-cli.js,Atom x64\resources\app\apm\lib,,104,False Positive,,False Positive
70383,High,77.0,Command Injection,ESLint,Atom x64\resources\app\apm\lib\apm-cli.js,Atom x64\resources\app\apm\lib,,47,False Positive,,False Positive
70384,High,77.0,Command Injection,ESLint,Atom x64\resources\app\apm\lib\apm-cli.js,Atom x64\resources\app\apm\lib,,64,False Positive,,False Positive
70386,Medium,665.0,Initialization,ESLint,Atom x64\resources\app\apm\lib\apm-cli.js,Atom x64\resources\app\apm\lib,,157,False Positive,,False Positive
70387,Medium,665.0,Initialization,ESLint,Atom x64\resources\app\apm\lib\apm-cli.js,Atom x64\resources\app\apm\lib,,23,False Positive,,False Positive
70389,Medium,665.0,Initialization,ESLint,Atom x64\resources\app\apm\lib\apm-cli.js,Atom x64\resources\app\apm\lib,,19,False Positive,,
70392,Medium,665.0,Initialization,ESLint,Atom x64\resources\app\apm\lib\apm-cli.js,Atom x64\resources\app\apm\lib,,189,False Positive,,
70393,High,77.0,Command Injection,ESLint,Atom x64\resources\app\apm\lib\apm-cli.js,Atom x64\resources\app\apm\lib,,246,Escalated,,
70399,High,22.0,Path Traversal,ESLint,Atom x64\resources\app\apm\lib\theme-converter.js,Atom x64\resources\app\apm\lib,,63,Escalated,,
70400,Medium,665.0,Initialization,ESLint,Atom x64\resources\app\apm\lib\theme-converter.js,Atom x64\resources\app\apm\lib,,10,False Positive,,
70402,Medium,665.0,Initialization,ESLint,Atom x64\resources\app\apm\lib\theme-converter.js,Atom x64\resources\app\apm\lib,,15,False Positive,,
70403,Medium,665.0,Initialization,ESLint,Atom x64\resources\app\apm\lib\theme-converter.js,Atom x64\resources\app\apm\lib,,12,False Positive,,
70404,High,22.0,Path Traversal,ESLint,Atom x64\resources\app\apm\lib\theme-converter.js,Atom x64\resources\app\apm\lib,,62,Escalated,,
70405,Medium,665.0,Initialization,ESLint,Atom x64\resources\app\apm\lib\theme-converter.js,Atom x64\resources\app\apm\lib,,8,False Positive,,
70408,Medium,665.0,Initialization,ESLint,Atom x64\resources\app\apm\lib\theme-converter.js,Atom x64\resources\app\apm\lib,,4,False Positive,,
70411,High,22.0,Path Traversal,ESLint,Atom x64\resources\app\apm\lib\theme-converter.js,Atom x64\resources\app\apm\lib,,43,Escalated,,
70412,Medium,665.0,Initialization,ESLint,Atom x64\resources\app\apm\lib\theme-converter.js,Atom x64\resources\app\apm\lib,,6,False Positive,,
70610,Medium,665.0,Initialization,ESLint,Atom x64\resources\app\apm\script\check-version.js,Atom x64\resources\app\apm\script,,27,False Positive,,
70611,Medium,665.0,Initialization,ESLint,Atom x64\resources\app\apm\script\check-version.js,Atom x64\resources\app\apm\script,,3,False Positive,,
70612,Medium,665.0,Initialization,ESLint,Atom x64\resources\app\apm\script\check-version.js,Atom x64\resources\app\apm\script,,29,False Positive,,
70613,Medium,665.0,Initialization,ESLint,Atom x64\resources\app\apm\script\check-version.js,Atom x64\resources\app\apm\script,,8,False Positive,,
70614,Medium,665.0,Initialization,ESLint,Atom x64\resources\app\apm\script\check-version.js,Atom x64\resources\app\apm\script,,7,False Positive,,
70615,Medium,665.0,Initialization,ESLint,Atom x64\resources\app\apm\script\check-version.js,Atom x64\resources\app\apm\script,,15,False Positive,,
70619,Medium,665.0,Initialization,ESLint,Atom x64\resources\app\apm\script\check-version.js,Atom x64\resources\app\apm\script,,22,False Positive,,
70620,Medium,665.0,Initialization,ESLint,Atom x64\resources\app\apm\script\check-version.js,Atom x64\resources\app\apm\script,,18,False Positive,,
70621,Medium,665.0,Initialization,ESLint,Atom x64\resources\app\apm\script\check-version.js,Atom x64\resources\app\apm\script,,5,False Positive,,
71399,Medium,665.0,Initialization,ESLint,Atom x64\resources\app\apm\lib\publish.js,Atom x64\resources\app\apm\lib,,280,False Positive,,
71400,High,697.0,Comparison,ESLint,Atom x64\resources\app\apm\lib\publish.js,Atom x64\resources\app\apm\lib,,304,Escalated,,
71402,High,79.0,Cross-site Scripting (XSS),ESLint,Atom x64\resources\app\apm\lib\publish.js,Atom x64\resources\app\apm\lib,,37,Escalated,,
71403,Medium,665.0,Initialization,ESLint,Atom x64\resources\app\apm\lib\publish.js,Atom x64\resources\app\apm\lib,,4,False Positive,,
71405,Medium,665.0,Initialization,ESLint,Atom x64\resources\app\apm\lib\publish.js,Atom x64\resources\app\apm\lib,,12,False Positive,,
71406,Medium,665.0,Initialization,ESLint,Atom x64\resources\app\apm\lib\publish.js,Atom x64\resources\app\apm\lib,,71,False Positive,,
71407,Medium,665.0,Initialization,ESLint,Atom x64\resources\app\apm\lib\publish.js,Atom x64\resources\app\apm\lib,,10,False Positive,,
71408,Medium,665.0,Initialization,ESLint,Atom x64\resources\app\apm\lib\publish.js,Atom x64\resources\app\apm\lib,,16,False Positive,,
71411,Medium,665.0,Initialization,ESLint,Atom x64\resources\app\apm\lib\publish.js,Atom x64\resources\app\apm\lib,,14,False Positive,,
71412,High,77.0,Command Injection,ESLint,Atom x64\resources\app\apm\lib\publish.js,Atom x64\resources\app\apm\lib,,394,Escalated,,
71415,High,77.0,Command Injection,ESLint,Atom x64\resources\app\apm\lib\publish.js,Atom x64\resources\app\apm\lib,,101,False Positive,,
71418,Medium,665.0,Initialization,ESLint,Atom x64\resources\app\apm\lib\publish.js,Atom x64\resources\app\apm\lib,,18,False Positive,,
71421,Medium,665.0,Initialization,ESLint,Atom x64\resources\app\apm\lib\publish.js,Atom x64\resources\app\apm\lib,,255,False Positive,,
71423,Medium,665.0,Initialization,ESLint,Atom x64\resources\app\apm\lib\publish.js,Atom x64\resources\app\apm\lib,,8,False Positive,,
71425,High,,Call setTimeout,ESLint,Atom x64\resources\app\apm\lib\publish.js,Atom x64\resources\app\apm\lib,,110,Escalated,,
71426,Medium,665.0,Initialization,ESLint,Atom x64\resources\app\apm\lib\publish.js,Atom x64\resources\app\apm\lib,,268,False Positive,,
71427,Medium,665.0,Initialization,ESLint,Atom x64\resources\app\apm\lib\publish.js,Atom x64\resources\app\apm\lib,,270,False Positive,,
71428,Medium,665.0,Initialization,ESLint,Atom x64\resources\app\apm\lib\publish.js,Atom x64\resources\app\apm\lib,,273,False Positive,,
71429,Medium,665.0,Initialization,ESLint,Atom x64\resources\app\apm\lib\publish.js,Atom x64\resources\app\apm\lib,,50,False Positive,,
71430,High,22.0,Path Traversal,ESLint,Atom x64\resources\app\apm\lib\publish.js,Atom x64\resources\app\apm\lib,,300,Escalated,,
71432,Medium,665.0,Initialization,ESLint,Atom x64\resources\app\apm\lib\publish.js,Atom x64\resources\app\apm\lib,,329,False Positive,,
71434,High,77.0,Command Injection,ESLint,Atom x64\resources\app\apm\lib\publish.js,Atom x64\resources\app\apm\lib,,401,Escalated,,
71435,Medium,665.0,Initialization,ESLint,Atom x64\resources\app\apm\lib\publish.js,Atom x64\resources\app\apm\lib,,24,False Positive,,
71437,Medium,665.0,Initialization,ESLint,Atom x64\resources\app\apm\lib\publish.js,Atom x64\resources\app\apm\lib,,22,False Positive,,
71439,Medium,665.0,Initialization,ESLint,Atom x64\resources\app\apm\lib\publish.js,Atom x64\resources\app\apm\lib,,26,False Positive,,
71442,Medium,665.0,Initialization,ESLint,Atom x64\resources\app\apm\lib\publish.js,Atom x64\resources\app\apm\lib,,271,False Positive,,
71444,High,22.0,Path Traversal,ESLint,Atom x64\resources\app\apm\lib\publish.js,Atom x64\resources\app\apm\lib,,283,Escalated,,
71446,Medium,665.0,Initialization,ESLint,Atom x64\resources\app\apm\lib\publish.js,Atom x64\resources\app\apm\lib,,166,False Positive,,
71447,Medium,665.0,Initialization,ESLint,Atom x64\resources\app\apm\lib\publish.js,Atom x64\resources\app\apm\lib,,6,False Positive,,
71448,Medium,665.0,Initialization,ESLint,Atom x64\resources\app\apm\lib\publish.js,Atom x64\resources\app\apm\lib,,20,False Positive,,
71452,Medium,665.0,Initialization,ESLint,Atom x64\resources\app\apm\lib\publish.js,Atom x64\resources\app\apm\lib,,31,False Positive,,
71453,High,22.0,Path Traversal,ESLint,Atom x64\resources\app\apm\lib\publish.js,Atom x64\resources\app\apm\lib,,294,Escalated,,
71454,Medium,665.0,Initialization,ESLint,Atom x64\resources\app\apm\lib\publish.js,Atom x64\resources\app\apm\lib,,299,False Positive,,
71828,Medium,665.0,Initialization,ESLint,Atom x64\resources\app\apm\lib\upgrade.js,Atom x64\resources\app\apm\lib,,32,False Positive,,
71830,Medium,665.0,Initialization,ESLint,Atom x64\resources\app\apm\lib\upgrade.js,Atom x64\resources\app\apm\lib,,10,False Positive,,
71831,High,79.0,Cross-site Scripting (XSS),ESLint,Atom x64\resources\app\apm\lib\upgrade.js,Atom x64\resources\app\apm\lib,,45,Escalated,,
71835,Medium,665.0,Initialization,ESLint,Atom x64\resources\app\apm\lib\upgrade.js,Atom x64\resources\app\apm\lib,,14,False Positive,,
71842,Medium,665.0,Initialization,ESLint,Atom x64\resources\app\apm\lib\upgrade.js,Atom x64\resources\app\apm\lib,,24,False Positive,,
71845,Medium,665.0,Initialization,ESLint,Atom x64\resources\app\apm\lib\upgrade.js,Atom x64\resources\app\apm\lib,,16,False Positive,,
71853,Medium,665.0,Initialization,ESLint,Atom x64\resources\app\apm\lib\upgrade.js,Atom x64\resources\app\apm\lib,,8,False Positive,,
71856,High,22.0,Path Traversal,ESLint,Atom x64\resources\app\apm\lib\upgrade.js,Atom x64\resources\app\apm\lib,,105,Escalated,,
71857,Medium,665.0,Initialization,ESLint,Atom x64\resources\app\apm\lib\upgrade.js,Atom x64\resources\app\apm\lib,,22,False Positive,,
71860,Medium,665.0,Initialization,ESLint,Atom x64\resources\app\apm\lib\upgrade.js,Atom x64\resources\app\apm\lib,,34,False Positive,,
71861,Medium,665.0,Initialization,ESLint,Atom x64\resources\app\apm\lib\upgrade.js,Atom x64\resources\app\apm\lib,,12,False Positive,,
71862,Medium,665.0,Initialization,ESLint,Atom x64\resources\app\apm\lib\upgrade.js,Atom x64\resources\app\apm\lib,,257,False Positive,,
71864,Medium,665.0,Initialization,ESLint,Atom x64\resources\app\apm\lib\upgrade.js,Atom x64\resources\app\apm\lib,,28,False Positive,,
71870,High,77.0,Command Injection,ESLint,Atom x64\resources\app\apm\lib\upgrade.js,Atom x64\resources\app\apm\lib,,230,False Positive,,
71876,Medium,665.0,Initialization,ESLint,Atom x64\resources\app\apm\lib\upgrade.js,Atom x64\resources\app\apm\lib,,18,False Positive,,
71877,High,22.0,Path Traversal,ESLint,Atom x64\resources\app\apm\lib\upgrade.js,Atom x64\resources\app\apm\lib,,172,Escalated,,
71882,Medium,665.0,Initialization,ESLint,Atom x64\resources\app\apm\lib\upgrade.js,Atom x64\resources\app\apm\lib,,89,False Positive,,
71883,High,77.0,Command Injection,ESLint,Atom x64\resources\app\apm\lib\upgrade.js,Atom x64\resources\app\apm\lib,,128,Escalated,,
71884,Medium,665.0,Initialization,ESLint,Atom x64\resources\app\apm\lib\upgrade.js,Atom x64\resources\app\apm\lib,,4,False Positive,,
71886,Medium,665.0,Initialization,ESLint,Atom x64\resources\app\apm\lib\upgrade.js,Atom x64\resources\app\apm\lib,,164,False Positive,,
71887,Medium,665.0,Initialization,ESLint,Atom x64\resources\app\apm\lib\upgrade.js,Atom x64\resources\app\apm\lib,,30,False Positive,,
71888,High,697.0,Comparison,ESLint,Atom x64\resources\app\apm\lib\upgrade.js,Atom x64\resources\app\apm\lib,,60,Escalated,,
71890,Medium,665.0,Initialization,ESLint,Atom x64\resources\app\apm\lib\upgrade.js,Atom x64\resources\app\apm\lib,,6,False Positive,,
71897,Medium,665.0,Initialization,ESLint,Atom x64\resources\app\apm\lib\upgrade.js,Atom x64\resources\app\apm\lib,,26,False Positive,,
71898,High,22.0,Path Traversal,ESLint,Atom x64\resources\app\apm\lib\upgrade.js,Atom x64\resources\app\apm\lib,,80,Escalated,,
71899,High,77.0,Command Injection,ESLint,Atom x64\resources\app\apm\lib\upgrade.js,Atom x64\resources\app\apm\lib,,59,False Positive,,
71901,Medium,665.0,Initialization,ESLint,Atom x64\resources\app\apm\lib\upgrade.js,Atom x64\resources\app\apm\lib,,20,False Positive,,
72290,Medium,665.0,Initialization,ESLint,Atom x64\resources\app\apm\lib\unpublish.js,Atom x64\resources\app\apm\lib,,119,False Positive,,
72291,Medium,665.0,Initialization,ESLint,Atom x64\resources\app\apm\lib\unpublish.js,Atom x64\resources\app\apm\lib,,10,False Positive,,
72292,Medium,665.0,Initialization,ESLint,Atom x64\resources\app\apm\lib\unpublish.js,Atom x64\resources\app\apm\lib,,4,False Positive,,
72293,Medium,665.0,Initialization,ESLint,Atom x64\resources\app\apm\lib\unpublish.js,Atom x64\resources\app\apm\lib,,94,False Positive,,
72304,Medium,665.0,Initialization,ESLint,Atom x64\resources\app\apm\lib\unpublish.js,Atom x64\resources\app\apm\lib,,18,False Positive,,
72307,Medium,665.0,Initialization,ESLint,Atom x64\resources\app\apm\lib\unpublish.js,Atom x64\resources\app\apm\lib,,36,False Positive,,
72309,Medium,665.0,Initialization,ESLint,Atom x64\resources\app\apm\lib\unpublish.js,Atom x64\resources\app\apm\lib,,12,False Positive,,
72312,Medium,665.0,Initialization,ESLint,Atom x64\resources\app\apm\lib\unpublish.js,Atom x64\resources\app\apm\lib,,6,False Positive,,
72313,Medium,665.0,Initialization,ESLint,Atom x64\resources\app\apm\lib\unpublish.js,Atom x64\resources\app\apm\lib,,20,False Positive,,
72314,Medium,665.0,Initialization,ESLint,Atom x64\resources\app\apm\lib\unpublish.js,Atom x64\resources\app\apm\lib,,14,False Positive,,
72315,High,79.0,Cross-site Scripting (XSS),ESLint,Atom x64\resources\app\apm\lib\unpublish.js,Atom x64\resources\app\apm\lib,,25,Escalated,,
72316,Medium,665.0,Initialization,ESLint,Atom x64\resources\app\apm\lib\unpublish.js,Atom x64\resources\app\apm\lib,,8,False Positive,,
72317,Medium,665.0,Initialization,ESLint,Atom x64\resources\app\apm\lib\unpublish.js,Atom x64\resources\app\apm\lib,,16,False Positive,,
72615,Medium,665.0,Initialization,ESLint,Atom x64\resources\app\apm\lib\login.js,Atom x64\resources\app\apm\lib,,9,False Positive,,
72617,Medium,665.0,Initialization,ESLint,Atom x64\resources\app\apm\lib\login.js,Atom x64\resources\app\apm\lib,,7,False Positive,,
72618,Medium,665.0,Initialization,ESLint,Atom x64\resources\app\apm\lib\login.js,Atom x64\resources\app\apm\lib,,11,False Positive,,
72619,Medium,665.0,Initialization,ESLint,Atom x64\resources\app\apm\lib\login.js,Atom x64\resources\app\apm\lib,,17,False Positive,,
72620,Medium,665.0,Initialization,ESLint,Atom x64\resources\app\apm\lib\login.js,Atom x64\resources\app\apm\lib,,5,False Positive,,
72622,Medium,665.0,Initialization,ESLint,Atom x64\resources\app\apm\lib\login.js,Atom x64\resources\app\apm\lib,,13,False Positive,,
72623,Medium,665.0,Initialization,ESLint,Atom x64\resources\app\apm\lib\login.js,Atom x64\resources\app\apm\lib,,15,False Positive,,
72625,Medium,665.0,Initialization,ESLint,Atom x64\resources\app\apm\lib\login.js,Atom x64\resources\app\apm\lib,,105,False Positive,,
72627,Medium,665.0,Initialization,ESLint,Atom x64\resources\app\apm\lib\login.js,Atom x64\resources\app\apm\lib,,19,False Positive,,
73182,Medium,665.0,Initialization,ESLint,Atom x64\resources\app\apm\lib\unstar.js,Atom x64\resources\app\apm\lib,,4,False Positive,,
73183,Medium,665.0,Initialization,ESLint,Atom x64\resources\app\apm\lib\unstar.js,Atom x64\resources\app\apm\lib,,8,False Positive,,
73184,Medium,665.0,Initialization,ESLint,Atom x64\resources\app\apm\lib\unstar.js,Atom x64\resources\app\apm\lib,,12,False Positive,,
73186,Medium,665.0,Initialization,ESLint,Atom x64\resources\app\apm\lib\unstar.js,Atom x64\resources\app\apm\lib,,10,False Positive,,
73188,Medium,665.0,Initialization,ESLint,Atom x64\resources\app\apm\lib\unstar.js,Atom x64\resources\app\apm\lib,,6,False Positive,,
73189,Medium,665.0,Initialization,ESLint,Atom x64\resources\app\apm\lib\unstar.js,Atom x64\resources\app\apm\lib,,30,False Positive,,
73193,Medium,665.0,Initialization,ESLint,Atom x64\resources\app\apm\lib\unstar.js,Atom x64\resources\app\apm\lib,,28,False Positive,,
73194,Medium,665.0,Initialization,ESLint,Atom x64\resources\app\apm\lib\unstar.js,Atom x64\resources\app\apm\lib,,27,False Positive,,
73196,Medium,665.0,Initialization,ESLint,Atom x64\resources\app\apm\lib\unstar.js,Atom x64\resources\app\apm\lib,,14,False Positive,,
73197,Medium,665.0,Initialization,ESLint,Atom x64\resources\app\apm\lib\unstar.js,Atom x64\resources\app\apm\lib,,16,False Positive,,
73198,High,79.0,Cross-site Scripting (XSS),ESLint,Atom x64\resources\app\apm\lib\unstar.js,Atom x64\resources\app\apm\lib,,21,Escalated,,
73600,High,697.0,Comparison,ESLint,Atom x64\resources\app\apm\lib\install.js,Atom x64\resources\app\apm\lib,,196,Escalated,,
73601,Medium,665.0,Initialization,ESLint,Atom x64\resources\app\apm\lib\install.js,Atom x64\resources\app\apm\lib,,46,False Positive,,
73602,High,22.0,Path Traversal,ESLint,Atom x64\resources\app\apm\lib\install.js,Atom x64\resources\app\apm\lib,,255,Escalated,,
73603,Medium,665.0,Initialization,ESLint,Atom x64\resources\app\apm\lib\install.js,Atom x64\resources\app\apm\lib,,752,False Positive,,
73604,Medium,665.0,Initialization,ESLint,Atom x64\resources\app\apm\lib\install.js,Atom x64\resources\app\apm\lib,,502,False Positive,,
73605,Medium,665.0,Initialization,ESLint,Atom x64\resources\app\apm\lib\install.js,Atom x64\resources\app\apm\lib,,13,False Positive,,
73607,Medium,665.0,Initialization,ESLint,Atom x64\resources\app\apm\lib\install.js,Atom x64\resources\app\apm\lib,,25,False Positive,,
73608,High,697.0,Comparison,ESLint,Atom x64\resources\app\apm\lib\install.js,Atom x64\resources\app\apm\lib,,489,Escalated,,
73609,Medium,665.0,Initialization,ESLint,Atom x64\resources\app\apm\lib\install.js,Atom x64\resources\app\apm\lib,,35,False Positive,,
73611,Medium,665.0,Initialization,ESLint,Atom x64\resources\app\apm\lib\install.js,Atom x64\resources\app\apm\lib,,485,False Positive,,
73614,Medium,665.0,Initialization,ESLint,Atom x64\resources\app\apm\lib\install.js,Atom x64\resources\app\apm\lib,,11,False Positive,,
73615,Medium,665.0,Initialization,ESLint,Atom x64\resources\app\apm\lib\install.js,Atom x64\resources\app\apm\lib,,7,False Positive,,
73616,Medium,665.0,Initialization,ESLint,Atom x64\resources\app\apm\lib\install.js,Atom x64\resources\app\apm\lib,,33,False Positive,,
73618,Medium,665.0,Initialization,ESLint,Atom x64\resources\app\apm\lib\install.js,Atom x64\resources\app\apm\lib,,287,False Positive,,
73619,High,77.0,Command Injection,ESLint,Atom x64\resources\app\apm\lib\install.js,Atom x64\resources\app\apm\lib,,403,Escalated,,
73620,High,77.0,Command Injection,ESLint,Atom x64\resources\app\apm\lib\install.js,Atom x64\resources\app\apm\lib,,451,Escalated,,
73621,High,22.0,Path Traversal,ESLint,Atom x64\resources\app\apm\lib\install.js,Atom x64\resources\app\apm\lib,,553,Escalated,,
73623,Medium,665.0,Initialization,ESLint,Atom x64\resources\app\apm\lib\install.js,Atom x64\resources\app\apm\lib,,289,False Positive,,
73624,High,79.0,Cross-site Scripting (XSS),ESLint,Atom x64\resources\app\apm\lib\install.js,Atom x64\resources\app\apm\lib,,53,Escalated,,
73626,High,77.0,Command Injection,ESLint,Atom x64\resources\app\apm\lib\install.js,Atom x64\resources\app\apm\lib,,534,Escalated,,
73627,Medium,665.0,Initialization,ESLint,Atom x64\resources\app\apm\lib\install.js,Atom x64\resources\app\apm\lib,,360,False Positive,,
73628,High,22.0,Path Traversal,ESLint,Atom x64\resources\app\apm\lib\install.js,Atom x64\resources\app\apm\lib,,370,Escalated,,
73630,Medium,665.0,Initialization,ESLint,Atom x64\resources\app\apm\lib\install.js,Atom x64\resources\app\apm\lib,,493,False Positive,,
73631,Medium,665.0,Initialization,ESLint,Atom x64\resources\app\apm\lib\install.js,Atom x64\resources\app\apm\lib,,23,False Positive,,
73633,High,77.0,Command Injection,ESLint,Atom x64\resources\app\apm\lib\install.js,Atom x64\resources\app\apm\lib,,447,Escalated,,
73634,Medium,665.0,Initialization,ESLint,Atom x64\resources\app\apm\lib\install.js,Atom x64\resources\app\apm\lib,,19,False Positive,,
73635,Medium,665.0,Initialization,ESLint,Atom x64\resources\app\apm\lib\install.js,Atom x64\resources\app\apm\lib,,27,False Positive,,
73636,Medium,665.0,Initialization,ESLint,Atom x64\resources\app\apm\lib\install.js,Atom x64\resources\app\apm\lib,,21,False Positive,,
73637,Medium,665.0,Initialization,ESLint,Atom x64\resources\app\apm\lib\install.js,Atom x64\resources\app\apm\lib,,9,False Positive,,
73638,Medium,665.0,Initialization,ESLint,Atom x64\resources\app\apm\lib\install.js,Atom x64\resources\app\apm\lib,,651,False Positive,,
73639,High,22.0,Path Traversal,ESLint,Atom x64\resources\app\apm\lib\install.js,Atom x64\resources\app\apm\lib,,327,Escalated,,
73640,High,22.0,Path Traversal,ESLint,Atom x64\resources\app\apm\lib\install.js,Atom x64\resources\app\apm\lib,,725,Escalated,,
73644,Medium,665.0,Initialization,ESLint,Atom x64\resources\app\apm\lib\install.js,Atom x64\resources\app\apm\lib,,709,False Positive,,
73647,High,22.0,Path Traversal,ESLint,Atom x64\resources\app\apm\lib\install.js,Atom x64\resources\app\apm\lib,,630,Escalated,,
73650,Medium,665.0,Initialization,ESLint,Atom x64\resources\app\apm\lib\install.js,Atom x64\resources\app\apm\lib,,5,False Positive,,
73652,High,22.0,Path Traversal,ESLint,Atom x64\resources\app\apm\lib\install.js,Atom x64\resources\app\apm\lib,,514,Escalated,,
73655,Medium,665.0,Initialization,ESLint,Atom x64\resources\app\apm\lib\install.js,Atom x64\resources\app\apm\lib,,31,False Positive,,
73656,High,77.0,Command Injection,ESLint,Atom x64\resources\app\apm\lib\install.js,Atom x64\resources\app\apm\lib,,814,Escalated,,
73658,Medium,665.0,Initialization,ESLint,Atom x64\resources\app\apm\lib\install.js,Atom x64\resources\app\apm\lib,,487,False Positive,,
73659,High,697.0,Comparison,ESLint,Atom x64\resources\app\apm\lib\install.js,Atom x64\resources\app\apm\lib,,82,Escalated,,
73661,Medium,665.0,Initialization,ESLint,Atom x64\resources\app\apm\lib\install.js,Atom x64\resources\app\apm\lib,,29,False Positive,,
73662,High,77.0,Command Injection,ESLint,Atom x64\resources\app\apm\lib\install.js,Atom x64\resources\app\apm\lib,,306,Escalated,,
73663,Medium,665.0,Initialization,ESLint,Atom x64\resources\app\apm\lib\install.js,Atom x64\resources\app\apm\lib,,15,False Positive,,
73664,High,77.0,Command Injection,ESLint,Atom x64\resources\app\apm\lib\install.js,Atom x64\resources\app\apm\lib,,448,Escalated,,
73665,Medium,665.0,Initialization,ESLint,Atom x64\resources\app\apm\lib\install.js,Atom x64\resources\app\apm\lib,,158,False Positive,,
73667,Medium,665.0,Initialization,ESLint,Atom x64\resources\app\apm\lib\install.js,Atom x64\resources\app\apm\lib,,534,False Positive,,
73671,Medium,665.0,Initialization,ESLint,Atom x64\resources\app\apm\lib\install.js,Atom x64\resources\app\apm\lib,,200,False Positive,,
73673,High,22.0,Path Traversal,ESLint,Atom x64\resources\app\apm\lib\install.js,Atom x64\resources\app\apm\lib,,106,Escalated,,
73675,Medium,665.0,Initialization,ESLint,Atom x64\resources\app\apm\lib\install.js,Atom x64\resources\app\apm\lib,,17,False Positive,,
73676,Medium,665.0,Initialization,ESLint,Atom x64\resources\app\apm\lib\install.js,Atom x64\resources\app\apm\lib,,37,False Positive,,
73677,Medium,665.0,Initialization,ESLint,Atom x64\resources\app\apm\lib\install.js,Atom x64\resources\app\apm\lib,,172,False Positive,,
73678,High,77.0,Command Injection,ESLint,Atom x64\resources\app\apm\lib\install.js,Atom x64\resources\app\apm\lib,,574,Escalated,,
73679,High,22.0,Path Traversal,ESLint,Atom x64\resources\app\apm\lib\install.js,Atom x64\resources\app\apm\lib,,642,Escalated,,
73680,Medium,665.0,Initialization,ESLint,Atom x64\resources\app\apm\lib\install.js,Atom x64\resources\app\apm\lib,,86,False Positive,,
74271,Medium,665.0,Initialization,ESLint,Atom x64\resources\app\apm\script\postinstall.js,Atom x64\resources\app\apm\script,,4,False Positive,,
74272,Medium,665.0,Initialization,ESLint,Atom x64\resources\app\apm\script\postinstall.js,Atom x64\resources\app\apm\script,,8,False Positive,,
74273,High,22.0,Path Traversal,ESLint,Atom x64\resources\app\apm\script\postinstall.js,Atom x64\resources\app\apm\script,,20,Escalated,,
74274,High,22.0,Path Traversal,ESLint,Atom x64\resources\app\apm\script\postinstall.js,Atom x64\resources\app\apm\script,,18,Escalated,,
74275,Medium,665.0,Initialization,ESLint,Atom x64\resources\app\apm\script\postinstall.js,Atom x64\resources\app\apm\script,,7,False Positive,,
74276,Medium,665.0,Initialization,ESLint,Atom x64\resources\app\apm\script\postinstall.js,Atom x64\resources\app\apm\script,,5,False Positive,,
74277,High,77.0,Command Injection,ESLint,Atom x64\resources\app\apm\script\postinstall.js,Atom x64\resources\app\apm\script,,3,Escalated,,
74278,Medium,665.0,Initialization,ESLint,Atom x64\resources\app\apm\script\postinstall.js,Atom x64\resources\app\apm\script,,24,False Positive,,
74279,Medium,665.0,Initialization,ESLint,Atom x64\resources\app\apm\script\postinstall.js,Atom x64\resources\app\apm\script,,19,False Positive,,
74280,Medium,665.0,Initialization,ESLint,Atom x64\resources\app\apm\script\postinstall.js,Atom x64\resources\app\apm\script,,23,False Positive,,
74281,High,22.0,Path Traversal,ESLint,Atom x64\resources\app\apm\script\postinstall.js,Atom x64\resources\app\apm\script,,19,Escalated,,
74282,Medium,665.0,Initialization,ESLint,Atom x64\resources\app\apm\script\postinstall.js,Atom x64\resources\app\apm\script,,3,False Positive,,
74283,High,22.0,Path Traversal,ESLint,Atom x64\resources\app\apm\script\postinstall.js,Atom x64\resources\app\apm\script,,17,Escalated,,
74284,Medium,665.0,Initialization,ESLint,Atom x64\resources\app\apm\script\postinstall.js,Atom x64\resources\app\apm\script,,18,False Positive,,
74285,Medium,665.0,Initialization,ESLint,Atom x64\resources\app\apm\script\postinstall.js,Atom x64\resources\app\apm\script,,20,False Positive,,
74319,Medium,665.0,Initialization,ESLint,Atom x64\resources\app\apm\lib\init.js,Atom x64\resources\app\apm\lib,,5,False Positive,,
74321,Medium,665.0,Initialization,ESLint,Atom x64\resources\app\apm\lib\init.js,Atom x64\resources\app\apm\lib,,9,False Positive,,
74323,High,22.0,Path Traversal,ESLint,Atom x64\resources\app\apm\lib\init.js,Atom x64\resources\app\apm\lib,,131,Escalated,,
74324,Medium,665.0,Initialization,ESLint,Atom x64\resources\app\apm\lib\init.js,Atom x64\resources\app\apm\lib,,84,False Positive,,
74332,Medium,665.0,Initialization,ESLint,Atom x64\resources\app\apm\lib\init.js,Atom x64\resources\app\apm\lib,,11,False Positive,,
74335,Medium,665.0,Initialization,ESLint,Atom x64\resources\app\apm\lib\init.js,Atom x64\resources\app\apm\lib,,76,False Positive,,
74336,Medium,665.0,Initialization,ESLint,Atom x64\resources\app\apm\lib\init.js,Atom x64\resources\app\apm\lib,,97,False Positive,,
74340,Medium,665.0,Initialization,ESLint,Atom x64\resources\app\apm\lib\init.js,Atom x64\resources\app\apm\lib,,181,False Positive,,
74342,High,79.0,Cross-site Scripting (XSS),ESLint,Atom x64\resources\app\apm\lib\init.js,Atom x64\resources\app\apm\lib,,18,Escalated,,
74345,High,22.0,Path Traversal,ESLint,Atom x64\resources\app\apm\lib\init.js,Atom x64\resources\app\apm\lib,,142,Escalated,,
74349,Medium,665.0,Initialization,ESLint,Atom x64\resources\app\apm\lib\init.js,Atom x64\resources\app\apm\lib,,105,False Positive,,
74350,Medium,665.0,Initialization,ESLint,Atom x64\resources\app\apm\lib\init.js,Atom x64\resources\app\apm\lib,,7,False Positive,,
74351,Medium,665.0,Initialization,ESLint,Atom x64\resources\app\apm\lib\init.js,Atom x64\resources\app\apm\lib,,13,False Positive,,
74354,High,77.0,Command Injection,ESLint,Atom x64\resources\app\apm\lib\init.js,Atom x64\resources\app\apm\lib,,124,False Positive,,
74359,High,22.0,Path Traversal,ESLint,Atom x64\resources\app\apm\lib\init.js,Atom x64\resources\app\apm\lib,,138,Escalated,,
74360,Medium,665.0,Initialization,ESLint,Atom x64\resources\app\apm\lib\init.js,Atom x64\resources\app\apm\lib,,119,False Positive,,
74904,High,697.0,Comparison,ESLint,Atom x64\resources\app\apm\lib\packages.js,Atom x64\resources\app\apm\lib,,15,Escalated,,
74905,Medium,665.0,Initialization,ESLint,Atom x64\resources\app\apm\lib\packages.js,Atom x64\resources\app\apm\lib,,7,False Positive,,
74907,Medium,665.0,Initialization,ESLint,Atom x64\resources\app\apm\lib\packages.js,Atom x64\resources\app\apm\lib,,4,False Positive,,
75299,Medium,665.0,Initialization,ESLint,Atom x64\resources\app\apm\lib\request.js,Atom x64\resources\app\apm\lib,,4,False Positive,,
75300,Medium,665.0,Initialization,ESLint,Atom x64\resources\app\apm\lib\request.js,Atom x64\resources\app\apm\lib,,8,False Positive,,
75301,Medium,665.0,Initialization,ESLint,Atom x64\resources\app\apm\lib\request.js,Atom x64\resources\app\apm\lib,,23,False Positive,,
75302,Medium,665.0,Initialization,ESLint,Atom x64\resources\app\apm\lib\request.js,Atom x64\resources\app\apm\lib,,39,False Positive,,
75303,Medium,665.0,Initialization,ESLint,Atom x64\resources\app\apm\lib\request.js,Atom x64\resources\app\apm\lib,,6,False Positive,,
75304,Medium,665.0,Initialization,ESLint,Atom x64\resources\app\apm\lib\request.js,Atom x64\resources\app\apm\lib,,28,False Positive,,
75634,High,79.0,Cross-site Scripting (XSS),ESLint,Atom x64\resources\app\apm\lib\disable.js,Atom x64\resources\app\apm\lib,,23,Escalated,,
75635,Medium,665.0,Initialization,ESLint,Atom x64\resources\app\apm\lib\disable.js,Atom x64\resources\app\apm\lib,,14,False Positive,,
75636,Medium,665.0,Initialization,ESLint,Atom x64\resources\app\apm\lib\disable.js,Atom x64\resources\app\apm\lib,,4,False Positive,,
75638,High,22.0,Path Traversal,ESLint,Atom x64\resources\app\apm\lib\disable.js,Atom x64\resources\app\apm\lib,,92,Escalated,,
75639,Medium,665.0,Initialization,ESLint,Atom x64\resources\app\apm\lib\disable.js,Atom x64\resources\app\apm\lib,,12,False Positive,,
75640,Medium,665.0,Initialization,ESLint,Atom x64\resources\app\apm\lib\disable.js,Atom x64\resources\app\apm\lib,,16,False Positive,,
75641,Medium,665.0,Initialization,ESLint,Atom x64\resources\app\apm\lib\disable.js,Atom x64\resources\app\apm\lib,,18,False Positive,,
75644,High,77.0,Command Injection,ESLint,Atom x64\resources\app\apm\lib\disable.js,Atom x64\resources\app\apm\lib,,71,False Positive,,
75645,Medium,665.0,Initialization,ESLint,Atom x64\resources\app\apm\lib\disable.js,Atom x64\resources\app\apm\lib,,8,False Positive,,
75646,High,22.0,Path Traversal,ESLint,Atom x64\resources\app\apm\lib\disable.js,Atom x64\resources\app\apm\lib,,56,Escalated,,
75652,Medium,665.0,Initialization,ESLint,Atom x64\resources\app\apm\lib\disable.js,Atom x64\resources\app\apm\lib,,6,False Positive,,
75653,Medium,665.0,Initialization,ESLint,Atom x64\resources\app\apm\lib\disable.js,Atom x64\resources\app\apm\lib,,10,False Positive,,
75673,Medium,665.0,Initialization,ESLint,Atom x64\resources\app\apm\lib\config.js,Atom x64\resources\app\apm\lib,,45,False Positive,,
75674,Medium,665.0,Initialization,ESLint,Atom x64\resources\app\apm\lib\config.js,Atom x64\resources\app\apm\lib,,50,False Positive,,
75678,Medium,665.0,Initialization,ESLint,Atom x64\resources\app\apm\lib\config.js,Atom x64\resources\app\apm\lib,,21,False Positive,,
75679,High,79.0,Cross-site Scripting (XSS),ESLint,Atom x64\resources\app\apm\lib\config.js,Atom x64\resources\app\apm\lib,,27,Escalated,,
75680,Medium,665.0,Initialization,ESLint,Atom x64\resources\app\apm\lib\config.js,Atom x64\resources\app\apm\lib,,10,False Positive,,
75681,Medium,665.0,Initialization,ESLint,Atom x64\resources\app\apm\lib\config.js,Atom x64\resources\app\apm\lib,,6,False Positive,,
75684,Medium,665.0,Initialization,ESLint,Atom x64\resources\app\apm\lib\config.js,Atom x64\resources\app\apm\lib,,37,False Positive,,
75685,Medium,665.0,Initialization,ESLint,Atom x64\resources\app\apm\lib\config.js,Atom x64\resources\app\apm\lib,,14,False Positive,,
75688,Medium,665.0,Initialization,ESLint,Atom x64\resources\app\apm\lib\config.js,Atom x64\resources\app\apm\lib,,8,False Positive,,
75689,Medium,665.0,Initialization,ESLint,Atom x64\resources\app\apm\lib\config.js,Atom x64\resources\app\apm\lib,,12,False Positive,,
75690,Medium,665.0,Initialization,ESLint,Atom x64\resources\app\apm\lib\config.js,Atom x64\resources\app\apm\lib,,4,False Positive,,
76463,Medium,665.0,Initialization,ESLint,Atom x64\resources\cli\atom.js,Atom x64\resources\cli,,5,False Positive,,
76464,Medium,665.0,Initialization,ESLint,Atom x64\resources\cli\atom.js,Atom x64\resources\cli,,4,False Positive,,
76465,Medium,665.0,Initialization,ESLint,Atom x64\resources\cli\atom.js,Atom x64\resources\cli,,9,False Positive,,
76466,Medium,665.0,Initialization,ESLint,Atom x64\resources\cli\atom.js,Atom x64\resources\cli,,6,False Positive,,
76467,Medium,665.0,Initialization,ESLint,Atom x64\resources\cli\atom.js,Atom x64\resources\cli,,1,False Positive,,
76468,High,77.0,Command Injection,ESLint,Atom x64\resources\cli\atom.js,Atom x64\resources\cli,,2,Escalated,,
76469,Medium,665.0,Initialization,ESLint,Atom x64\resources\cli\atom.js,Atom x64\resources\cli,,2,False Positive,,
76831,Medium,665.0,Initialization,ESLint,Atom x64\resources\app\apm\lib\stars.js,Atom x64\resources\app\apm\lib,,12,False Positive,,
76832,Medium,665.0,Initialization,ESLint,Atom x64\resources\app\apm\lib\stars.js,Atom x64\resources\app\apm\lib,,16,False Positive,,
76835,Medium,665.0,Initialization,ESLint,Atom x64\resources\app\apm\lib\stars.js,Atom x64\resources\app\apm\lib,,6,False Positive,,
76836,Medium,665.0,Initialization,ESLint,Atom x64\resources\app\apm\lib\stars.js,Atom x64\resources\app\apm\lib,,4,False Positive,,
76837,Medium,665.0,Initialization,ESLint,Atom x64\resources\app\apm\lib\stars.js,Atom x64\resources\app\apm\lib,,14,False Positive,,
76839,Medium,665.0,Initialization,ESLint,Atom x64\resources\app\apm\lib\stars.js,Atom x64\resources\app\apm\lib,,10,False Positive,,
76841,Medium,665.0,Initialization,ESLint,Atom x64\resources\app\apm\lib\stars.js,Atom x64\resources\app\apm\lib,,20,False Positive,,
76842,Medium,665.0,Initialization,ESLint,Atom x64\resources\app\apm\lib\stars.js,Atom x64\resources\app\apm\lib,,18,False Positive,,
76843,Medium,665.0,Initialization,ESLint,Atom x64\resources\app\apm\lib\stars.js,Atom x64\resources\app\apm\lib,,8,False Positive,,
76849,Medium,665.0,Initialization,ESLint,Atom x64\resources\app\apm\lib\stars.js,Atom x64\resources\app\apm\lib,,109,False Positive,,
77567,Medium,665.0,Initialization,ESLint,Atom x64\resources\app\apm\native-module\index.js,Atom x64\resources\app\apm\native-module,,1,False Positive,,
77751,Medium,665.0,Initialization,ESLint,Atom x64\resources\app\apm\lib\links.js,Atom x64\resources\app\apm\lib,,14,False Positive,,
77753,Medium,665.0,Initialization,ESLint,Atom x64\resources\app\apm\lib\links.js,Atom x64\resources\app\apm\lib,,10,False Positive,,
77755,High,22.0,Path Traversal,ESLint,Atom x64\resources\app\apm\lib\links.js,Atom x64\resources\app\apm\lib,,62,Escalated,,
77756,Medium,665.0,Initialization,ESLint,Atom x64\resources\app\apm\lib\links.js,Atom x64\resources\app\apm\lib,,8,False Positive,,
77757,Medium,665.0,Initialization,ESLint,Atom x64\resources\app\apm\lib\links.js,Atom x64\resources\app\apm\lib,,12,False Positive,,
77765,High,77.0,Command Injection,ESLint,Atom x64\resources\app\apm\lib\links.js,Atom x64\resources\app\apm\lib,,44,False Positive,,
77766,Medium,665.0,Initialization,ESLint,Atom x64\resources\app\apm\lib\links.js,Atom x64\resources\app\apm\lib,,4,False Positive,,
77767,Medium,665.0,Initialization,ESLint,Atom x64\resources\app\apm\lib\links.js,Atom x64\resources\app\apm\lib,,16,False Positive,,
77768,Medium,665.0,Initialization,ESLint,Atom x64\resources\app\apm\lib\links.js,Atom x64\resources\app\apm\lib,,6,False Positive,,
78196,Medium,665.0,Initialization,ESLint,Atom x64\resources\app\apm\lib\cli.js,Atom x64\resources\app\apm\lib,,9,False Positive,,
78197,Medium,665.0,Initialization,ESLint,Atom x64\resources\app\apm\lib\cli.js,Atom x64\resources\app\apm\lib,,6,False Positive,,
78198,Medium,665.0,Initialization,ESLint,Atom x64\resources\app\apm\lib\cli.js,Atom x64\resources\app\apm\lib,,8,False Positive,,
78200,Medium,665.0,Initialization,ESLint,Atom x64\resources\app\apm\lib\cli.js,Atom x64\resources\app\apm\lib,,4,False Positive,,
78862,High,77.0,Command Injection,ESLint,Atom x64\resources\app\apm\lib\package-converter.js,Atom x64\resources\app\apm\lib,,272,Escalated,,
78863,Medium,665.0,Initialization,ESLint,Atom x64\resources\app\apm\lib\package-converter.js,Atom x64\resources\app\apm\lib,,8,False Positive,,
78867,High,22.0,Path Traversal,ESLint,Atom x64\resources\app\apm\lib\package-converter.js,Atom x64\resources\app\apm\lib,,173,Escalated,,
78868,Medium,665.0,Initialization,ESLint,Atom x64\resources\app\apm\lib\package-converter.js,Atom x64\resources\app\apm\lib,,14,False Positive,,
78870,High,77.0,Command Injection,ESLint,Atom x64\resources\app\apm\lib\package-converter.js,Atom x64\resources\app\apm\lib,,270,Escalated,,
78872,Medium,665.0,Initialization,ESLint,Atom x64\resources\app\apm\lib\package-converter.js,Atom x64\resources\app\apm\lib,,12,False Positive,,
78873,High,77.0,Command Injection,ESLint,Atom x64\resources\app\apm\lib\package-converter.js,Atom x64\resources\app\apm\lib,,266,Escalated,,
78874,High,22.0,Path Traversal,ESLint,Atom x64\resources\app\apm\lib\package-converter.js,Atom x64\resources\app\apm\lib,,150,Escalated,,
78875,High,22.0,Path Traversal,ESLint,Atom x64\resources\app\apm\lib\package-converter.js,Atom x64\resources\app\apm\lib,,179,Escalated,,
78876,High,22.0,Path Traversal,ESLint,Atom x64\resources\app\apm\lib\package-converter.js,Atom x64\resources\app\apm\lib,,291,Escalated,,
78879,High,22.0,Path Traversal,ESLint,Atom x64\resources\app\apm\lib\package-converter.js,Atom x64\resources\app\apm\lib,,137,Escalated,,
78881,High,22.0,Path Traversal,ESLint,Atom x64\resources\app\apm\lib\package-converter.js,Atom x64\resources\app\apm\lib,,130,Escalated,,
78883,High,22.0,Path Traversal,ESLint,Atom x64\resources\app\apm\lib\package-converter.js,Atom x64\resources\app\apm\lib,,84,Escalated,,
78885,High,697.0,Comparison,ESLint,Atom x64\resources\app\apm\lib\package-converter.js,Atom x64\resources\app\apm\lib,,256,Escalated,,
78888,Medium,665.0,Initialization,ESLint,Atom x64\resources\app\apm\lib\package-converter.js,Atom x64\resources\app\apm\lib,,22,False Positive,,
78891,High,77.0,Command Injection,ESLint,Atom x64\resources\app\apm\lib\package-converter.js,Atom x64\resources\app\apm\lib,,226,Escalated,,
78898,High,77.0,Command Injection,ESLint,Atom x64\resources\app\apm\lib\package-converter.js,Atom x64\resources\app\apm\lib,,163,False Positive,,
78905,High,77.0,Command Injection,ESLint,Atom x64\resources\app\apm\lib\package-converter.js,Atom x64\resources\app\apm\lib,,269,Escalated,,
78908,High,22.0,Path Traversal,ESLint,Atom x64\resources\app\apm\lib\package-converter.js,Atom x64\resources\app\apm\lib,,152,Escalated,,
78909,High,77.0,Command Injection,ESLint,Atom x64\resources\app\apm\lib\package-converter.js,Atom x64\resources\app\apm\lib,,229,Escalated,,
78916,Medium,665.0,Initialization,ESLint,Atom x64\resources\app\apm\lib\package-converter.js,Atom x64\resources\app\apm\lib,,24,False Positive,,
78917,High,22.0,Path Traversal,ESLint,Atom x64\resources\app\apm\lib\package-converter.js,Atom x64\resources\app\apm\lib,,195,Escalated,,
78918,Medium,665.0,Initialization,ESLint,Atom x64\resources\app\apm\lib\package-converter.js,Atom x64\resources\app\apm\lib,,27,False Positive,,
78919,Medium,665.0,Initialization,ESLint,Atom x64\resources\app\apm\lib\package-converter.js,Atom x64\resources\app\apm\lib,,6,False Positive,,
78925,High,22.0,Path Traversal,ESLint,Atom x64\resources\app\apm\lib\package-converter.js,Atom x64\resources\app\apm\lib,,160,Escalated,,
78930,Medium,665.0,Initialization,ESLint,Atom x64\resources\app\apm\lib\package-converter.js,Atom x64\resources\app\apm\lib,,10,False Positive,,
78933,High,22.0,Path Traversal,ESLint,Atom x64\resources\app\apm\lib\package-converter.js,Atom x64\resources\app\apm\lib,,234,Escalated,,
78934,High,77.0,Command Injection,ESLint,Atom x64\resources\app\apm\lib\package-converter.js,Atom x64\resources\app\apm\lib,,107,Escalated,,
78935,High,77.0,Command Injection,ESLint,Atom x64\resources\app\apm\lib\package-converter.js,Atom x64\resources\app\apm\lib,,106,False Positive,,
78937,High,22.0,Path Traversal,ESLint,Atom x64\resources\app\apm\lib\package-converter.js,Atom x64\resources\app\apm\lib,,74,Escalated,,
78938,Medium,665.0,Initialization,ESLint,Atom x64\resources\app\apm\lib\package-converter.js,Atom x64\resources\app\apm\lib,,20,False Positive,,
78939,High,77.0,Command Injection,ESLint,Atom x64\resources\app\apm\lib\package-converter.js,Atom x64\resources\app\apm\lib,,227,Escalated,,
78941,High,77.0,Command Injection,ESLint,Atom x64\resources\app\apm\lib\package-converter.js,Atom x64\resources\app\apm\lib,,251,False Positive,,
78942,High,77.0,Command Injection,ESLint,Atom x64\resources\app\apm\lib\package-converter.js,Atom x64\resources\app\apm\lib,,265,Escalated,,
78943,High,77.0,Command Injection,ESLint,Atom x64\resources\app\apm\lib\package-converter.js,Atom x64\resources\app\apm\lib,,197,False Positive,,
78946,High,77.0,Command Injection,ESLint,Atom x64\resources\app\apm\lib\package-converter.js,Atom x64\resources\app\apm\lib,,293,False Positive,,
78947,Medium,665.0,Initialization,ESLint,Atom x64\resources\app\apm\lib\package-converter.js,Atom x64\resources\app\apm\lib,,4,False Positive,,
78950,High,22.0,Path Traversal,ESLint,Atom x64\resources\app\apm\lib\package-converter.js,Atom x64\resources\app\apm\lib,,198,Escalated,,
78954,High,22.0,Path Traversal,ESLint,Atom x64\resources\app\apm\lib\package-converter.js,Atom x64\resources\app\apm\lib,,252,Escalated,,
78955,High,22.0,Path Traversal,ESLint,Atom x64\resources\app\apm\lib\package-converter.js,Atom x64\resources\app\apm\lib,,62,Escalated,,
78956,Medium,665.0,Initialization,ESLint,Atom x64\resources\app\apm\lib\package-converter.js,Atom x64\resources\app\apm\lib,,18,False Positive,,
78957,Medium,665.0,Initialization,ESLint,Atom x64\resources\app\apm\lib\package-converter.js,Atom x64\resources\app\apm\lib,,16,False Positive,,
78958,High,22.0,Path Traversal,ESLint,Atom x64\resources\app\apm\lib\package-converter.js,Atom x64\resources\app\apm\lib,,249,Escalated,,
78961,High,77.0,Command Injection,ESLint,Atom x64\resources\app\apm\lib\package-converter.js,Atom x64\resources\app\apm\lib,,267,Escalated,,
78962,High,22.0,Path Traversal,ESLint,Atom x64\resources\app\apm\lib\package-converter.js,Atom x64\resources\app\apm\lib,,277,Escalated,,
79477,Medium,665.0,Initialization,ESLint,Atom x64\resources\app\apm\lib\apm.js,Atom x64\resources\app\apm\lib,,38,False Positive,,
79478,High,22.0,Path Traversal,ESLint,Atom x64\resources\app\apm\lib\apm.js,Atom x64\resources\app\apm\lib,,57,Escalated,,
79479,Medium,665.0,Initialization,ESLint,Atom x64\resources\app\apm\lib\apm.js,Atom x64\resources\app\apm\lib,,14,False Positive,,
79480,Medium,665.0,Initialization,ESLint,Atom x64\resources\app\apm\lib\apm.js,Atom x64\resources\app\apm\lib,,80,False Positive,,
79482,Medium,665.0,Initialization,ESLint,Atom x64\resources\app\apm\lib\apm.js,Atom x64\resources\app\apm\lib,,43,False Positive,,
79483,High,22.0,Path Traversal,ESLint,Atom x64\resources\app\apm\lib\apm.js,Atom x64\resources\app\apm\lib,,163,Escalated,,
79485,Medium,665.0,Initialization,ESLint,Atom x64\resources\app\apm\lib\apm.js,Atom x64\resources\app\apm\lib,,17,False Positive,,
79487,High,22.0,Path Traversal,ESLint,Atom x64\resources\app\apm\lib\apm.js,Atom x64\resources\app\apm\lib,,47,Escalated,,
79489,Medium,665.0,Initialization,ESLint,Atom x64\resources\app\apm\lib\apm.js,Atom x64\resources\app\apm\lib,,126,False Positive,,
79490,Medium,665.0,Initialization,ESLint,Atom x64\resources\app\apm\lib\apm.js,Atom x64\resources\app\apm\lib,,103,False Positive,,
79491,Medium,665.0,Initialization,ESLint,Atom x64\resources\app\apm\lib\apm.js,Atom x64\resources\app\apm\lib,,58,False Positive,,
79493,Medium,665.0,Initialization,ESLint,Atom x64\resources\app\apm\lib\apm.js,Atom x64\resources\app\apm\lib,,24,False Positive,,
79494,Medium,665.0,Initialization,ESLint,Atom x64\resources\app\apm\lib\apm.js,Atom x64\resources\app\apm\lib,,12,False Positive,,
79495,Medium,665.0,Initialization,ESLint,Atom x64\resources\app\apm\lib\apm.js,Atom x64\resources\app\apm\lib,,39,False Positive,,
79496,High,77.0,Command Injection,ESLint,Atom x64\resources\app\apm\lib\apm.js,Atom x64\resources\app\apm\lib,,4,Escalated,,
79497,Medium,665.0,Initialization,ESLint,Atom x64\resources\app\apm\lib\apm.js,Atom x64\resources\app\apm\lib,,4,False Positive,,
79499,Medium,665.0,Initialization,ESLint,Atom x64\resources\app\apm\lib\apm.js,Atom x64\resources\app\apm\lib,,19,False Positive,,
79500,Medium,665.0,Initialization,ESLint,Atom x64\resources\app\apm\lib\apm.js,Atom x64\resources\app\apm\lib,,107,False Positive,,
79502,High,22.0,Path Traversal,ESLint,Atom x64\resources\app\apm\lib\apm.js,Atom x64\resources\app\apm\lib,,144,Escalated,,
79503,Medium,665.0,Initialization,ESLint,Atom x64\resources\app\apm\lib\apm.js,Atom x64\resources\app\apm\lib,,6,False Positive,,
79504,Medium,665.0,Initialization,ESLint,Atom x64\resources\app\apm\lib\apm.js,Atom x64\resources\app\apm\lib,,63,False Positive,,
79505,Medium,665.0,Initialization,ESLint,Atom x64\resources\app\apm\lib\apm.js,Atom x64\resources\app\apm\lib,,120,False Positive,,
79506,Medium,665.0,Initialization,ESLint,Atom x64\resources\app\apm\lib\apm.js,Atom x64\resources\app\apm\lib,,91,False Positive,,
79507,Medium,665.0,Initialization,ESLint,Atom x64\resources\app\apm\lib\apm.js,Atom x64\resources\app\apm\lib,,28,False Positive,,
79508,Medium,665.0,Initialization,ESLint,Atom x64\resources\app\apm\lib\apm.js,Atom x64\resources\app\apm\lib,,128,False Positive,,
79510,Medium,665.0,Initialization,ESLint,Atom x64\resources\app\apm\lib\apm.js,Atom x64\resources\app\apm\lib,,40,False Positive,,
79511,Medium,665.0,Initialization,ESLint,Atom x64\resources\app\apm\lib\apm.js,Atom x64\resources\app\apm\lib,,10,False Positive,,
79512,Medium,665.0,Initialization,ESLint,Atom x64\resources\app\apm\lib\apm.js,Atom x64\resources\app\apm\lib,,95,False Positive,,
79513,Medium,665.0,Initialization,ESLint,Atom x64\resources\app\apm\lib\apm.js,Atom x64\resources\app\apm\lib,,16,False Positive,,
79514,Medium,665.0,Initialization,ESLint,Atom x64\resources\app\apm\lib\apm.js,Atom x64\resources\app\apm\lib,,48,False Positive,,
79515,Medium,665.0,Initialization,ESLint,Atom x64\resources\app\apm\lib\apm.js,Atom x64\resources\app\apm\lib,,27,False Positive,,
79516,Medium,665.0,Initialization,ESLint,Atom x64\resources\app\apm\lib\apm.js,Atom x64\resources\app\apm\lib,,53,False Positive,,
79517,Medium,665.0,Initialization,ESLint,Atom x64\resources\app\apm\lib\apm.js,Atom x64\resources\app\apm\lib,,117,False Positive,,
79519,Medium,665.0,Initialization,ESLint,Atom x64\resources\app\apm\lib\apm.js,Atom x64\resources\app\apm\lib,,87,False Positive,,
79520,Medium,665.0,Initialization,ESLint,Atom x64\resources\app\apm\lib\apm.js,Atom x64\resources\app\apm\lib,,99,False Positive,,
79521,Medium,665.0,Initialization,ESLint,Atom x64\resources\app\apm\lib\apm.js,Atom x64\resources\app\apm\lib,,8,False Positive,,
79523,High,22.0,Path Traversal,ESLint,Atom x64\resources\app\apm\lib\apm.js,Atom x64\resources\app\apm\lib,,77,Escalated,,
79629,Medium,665.0,Initialization,ESLint,Atom x64\resources\app\apm\lib\develop.js,Atom x64\resources\app\apm\lib,,20,False Positive,,
79630,Medium,665.0,Initialization,ESLint,Atom x64\resources\app\apm\lib\develop.js,Atom x64\resources\app\apm\lib,,4,False Positive,,
79633,Medium,665.0,Initialization,ESLint,Atom x64\resources\app\apm\lib\develop.js,Atom x64\resources\app\apm\lib,,10,False Positive,,
79636,Medium,665.0,Initialization,ESLint,Atom x64\resources\app\apm\lib\develop.js,Atom x64\resources\app\apm\lib,,24,False Positive,,
79638,Medium,665.0,Initialization,ESLint,Atom x64\resources\app\apm\lib\develop.js,Atom x64\resources\app\apm\lib,,87,False Positive,,
79639,Medium,665.0,Initialization,ESLint,Atom x64\resources\app\apm\lib\develop.js,Atom x64\resources\app\apm\lib,,8,False Positive,,
79641,Medium,665.0,Initialization,ESLint,Atom x64\resources\app\apm\lib\develop.js,Atom x64\resources\app\apm\lib,,6,False Positive,,
79642,Medium,665.0,Initialization,ESLint,Atom x64\resources\app\apm\lib\develop.js,Atom x64\resources\app\apm\lib,,18,False Positive,,
79643,Medium,665.0,Initialization,ESLint,Atom x64\resources\app\apm\lib\develop.js,Atom x64\resources\app\apm\lib,,74,False Positive,,
79644,Medium,665.0,Initialization,ESLint,Atom x64\resources\app\apm\lib\develop.js,Atom x64\resources\app\apm\lib,,14,False Positive,,
79645,Medium,665.0,Initialization,ESLint,Atom x64\resources\app\apm\lib\develop.js,Atom x64\resources\app\apm\lib,,12,False Positive,,
79646,High,22.0,Path Traversal,ESLint,Atom x64\resources\app\apm\lib\develop.js,Atom x64\resources\app\apm\lib,,111,Escalated,,
79647,Medium,665.0,Initialization,ESLint,Atom x64\resources\app\apm\lib\develop.js,Atom x64\resources\app\apm\lib,,26,False Positive,,
79648,High,697.0,Comparison,ESLint,Atom x64\resources\app\apm\lib\develop.js,Atom x64\resources\app\apm\lib,,52,Escalated,,
79651,Medium,665.0,Initialization,ESLint,Atom x64\resources\app\apm\lib\develop.js,Atom x64\resources\app\apm\lib,,16,False Positive,,
79652,High,79.0,Cross-site Scripting (XSS),ESLint,Atom x64\resources\app\apm\lib\develop.js,Atom x64\resources\app\apm\lib,,37,Escalated,,
79656,Medium,665.0,Initialization,ESLint,Atom x64\resources\app\apm\lib\develop.js,Atom x64\resources\app\apm\lib,,72,False Positive,,
79659,Medium,665.0,Initialization,ESLint,Atom x64\resources\app\apm\lib\develop.js,Atom x64\resources\app\apm\lib,,22,False Positive,,
80867,Medium,665.0,Initialization,ESLint,Atom x64\resources\app\apm\lib\clean.js,Atom x64\resources\app\apm\lib,,12,False Positive,,
80869,Medium,665.0,Initialization,ESLint,Atom x64\resources\app\apm\lib\clean.js,Atom x64\resources\app\apm\lib,,4,False Positive,,
80870,Medium,665.0,Initialization,ESLint,Atom x64\resources\app\apm\lib\clean.js,Atom x64\resources\app\apm\lib,,14,False Positive,,
80871,Medium,665.0,Initialization,ESLint,Atom x64\resources\app\apm\lib\clean.js,Atom x64\resources\app\apm\lib,,8,False Positive,,
80872,Medium,665.0,Initialization,ESLint,Atom x64\resources\app\apm\lib\clean.js,Atom x64\resources\app\apm\lib,,35,False Positive,,
80873,Medium,665.0,Initialization,ESLint,Atom x64\resources\app\apm\lib\clean.js,Atom x64\resources\app\apm\lib,,18,False Positive,,
80874,Medium,665.0,Initialization,ESLint,Atom x64\resources\app\apm\lib\clean.js,Atom x64\resources\app\apm\lib,,6,False Positive,,
80877,Medium,665.0,Initialization,ESLint,Atom x64\resources\app\apm\lib\clean.js,Atom x64\resources\app\apm\lib,,20,False Positive,,
80878,Medium,665.0,Initialization,ESLint,Atom x64\resources\app\apm\lib\clean.js,Atom x64\resources\app\apm\lib,,16,False Positive,,
80879,Medium,665.0,Initialization,ESLint,Atom x64\resources\app\apm\lib\clean.js,Atom x64\resources\app\apm\lib,,24,False Positive,,
80880,Medium,665.0,Initialization,ESLint,Atom x64\resources\app\apm\lib\clean.js,Atom x64\resources\app\apm\lib,,10,False Positive,,
81214,Medium,665.0,Initialization,ESLint,Atom x64\resources\app\apm\lib\ci.js,Atom x64\resources\app\apm\lib,,8,False Positive,,
81216,High,697.0,Comparison,ESLint,Atom x64\resources\app\apm\lib\ci.js,Atom x64\resources\app\apm\lib,,47,Escalated,,
81217,Medium,665.0,Initialization,ESLint,Atom x64\resources\app\apm\lib\ci.js,Atom x64\resources\app\apm\lib,,16,False Positive,,
81218,Medium,665.0,Initialization,ESLint,Atom x64\resources\app\apm\lib\ci.js,Atom x64\resources\app\apm\lib,,10,False Positive,,
81219,Medium,665.0,Initialization,ESLint,Atom x64\resources\app\apm\lib\ci.js,Atom x64\resources\app\apm\lib,,18,False Positive,,
81220,Medium,665.0,Initialization,ESLint,Atom x64\resources\app\apm\lib\ci.js,Atom x64\resources\app\apm\lib,,39,False Positive,,
81221,Medium,665.0,Initialization,ESLint,Atom x64\resources\app\apm\lib\ci.js,Atom x64\resources\app\apm\lib,,14,False Positive,,
81226,Medium,665.0,Initialization,ESLint,Atom x64\resources\app\apm\lib\ci.js,Atom x64\resources\app\apm\lib,,24,False Positive,,
81227,Medium,665.0,Initialization,ESLint,Atom x64\resources\app\apm\lib\ci.js,Atom x64\resources\app\apm\lib,,6,False Positive,,
81229,Medium,665.0,Initialization,ESLint,Atom x64\resources\app\apm\lib\ci.js,Atom x64\resources\app\apm\lib,,4,False Positive,,
81230,Medium,665.0,Initialization,ESLint,Atom x64\resources\app\apm\lib\ci.js,Atom x64\resources\app\apm\lib,,12,False Positive,,
81231,Medium,665.0,Initialization,ESLint,Atom x64\resources\app\apm\lib\ci.js,Atom x64\resources\app\apm\lib,,51,False Positive,,
81232,Medium,665.0,Initialization,ESLint,Atom x64\resources\app\apm\lib\ci.js,Atom x64\resources\app\apm\lib,,37,False Positive,,
81234,Medium,665.0,Initialization,ESLint,Atom x64\resources\app\apm\lib\ci.js,Atom x64\resources\app\apm\lib,,41,False Positive,,
82082,Medium,665.0,Initialization,ESLint,Atom x64\resources\app\apm\lib\enable.js,Atom x64\resources\app\apm\lib,,8,False Positive,,
82083,Medium,665.0,Initialization,ESLint,Atom x64\resources\app\apm\lib\enable.js,Atom x64\resources\app\apm\lib,,14,False Positive,,
82086,High,22.0,Path Traversal,ESLint,Atom x64\resources\app\apm\lib\enable.js,Atom x64\resources\app\apm\lib,,57,Escalated,,
82088,Medium,665.0,Initialization,ESLint,Atom x64\resources\app\apm\lib\enable.js,Atom x64\resources\app\apm\lib,,4,False Positive,,
82090,High,22.0,Path Traversal,ESLint,Atom x64\resources\app\apm\lib\enable.js,Atom x64\resources\app\apm\lib,,36,Escalated,,
82092,Medium,665.0,Initialization,ESLint,Atom x64\resources\app\apm\lib\enable.js,Atom x64\resources\app\apm\lib,,12,False Positive,,
82093,Medium,665.0,Initialization,ESLint,Atom x64\resources\app\apm\lib\enable.js,Atom x64\resources\app\apm\lib,,10,False Positive,,
82095,Medium,665.0,Initialization,ESLint,Atom x64\resources\app\apm\lib\enable.js,Atom x64\resources\app\apm\lib,,6,False Positive,,
82096,Medium,665.0,Initialization,ESLint,Atom x64\resources\app\apm\lib\enable.js,Atom x64\resources\app\apm\lib,,16,False Positive,,
82099,High,79.0,Cross-site Scripting (XSS),ESLint,Atom x64\resources\app\apm\lib\enable.js,Atom x64\resources\app\apm\lib,,21,Escalated,,
82270,Medium,665.0,Initialization,ESLint,Atom x64\resources\app\apm\lib\git.js,Atom x64\resources\app\apm\lib,,4,False Positive,,
82271,Medium,665.0,Initialization,ESLint,Atom x64\resources\app\apm\lib\git.js,Atom x64\resources\app\apm\lib,,12,False Positive,,
82272,High,77.0,Command Injection,ESLint,Atom x64\resources\app\apm\lib\git.js,Atom x64\resources\app\apm\lib,,30,False Positive,,
82273,Medium,665.0,Initialization,ESLint,Atom x64\resources\app\apm\lib\git.js,Atom x64\resources\app\apm\lib,,75,False Positive,,
82274,Medium,665.0,Initialization,ESLint,Atom x64\resources\app\apm\lib\git.js,Atom x64\resources\app\apm\lib,,97,False Positive,,
82275,Medium,665.0,Initialization,ESLint,Atom x64\resources\app\apm\lib\git.js,Atom x64\resources\app\apm\lib,,67,False Positive,,
82281,Medium,665.0,Initialization,ESLint,Atom x64\resources\app\apm\lib\git.js,Atom x64\resources\app\apm\lib,,68,False Positive,,
82284,Medium,665.0,Initialization,ESLint,Atom x64\resources\app\apm\lib\git.js,Atom x64\resources\app\apm\lib,,84,False Positive,,
82285,High,22.0,Path Traversal,ESLint,Atom x64\resources\app\apm\lib\git.js,Atom x64\resources\app\apm\lib,,24,Escalated,,
82286,Medium,665.0,Initialization,ESLint,Atom x64\resources\app\apm\lib\git.js,Atom x64\resources\app\apm\lib,,6,False Positive,,
82287,Medium,665.0,Initialization,ESLint,Atom x64\resources\app\apm\lib\git.js,Atom x64\resources\app\apm\lib,,10,False Positive,,
82288,Medium,665.0,Initialization,ESLint,Atom x64\resources\app\apm\lib\git.js,Atom x64\resources\app\apm\lib,,14,False Positive,,
82289,Medium,665.0,Initialization,ESLint,Atom x64\resources\app\apm\lib\git.js,Atom x64\resources\app\apm\lib,,8,False Positive,,
82290,High,77.0,Command Injection,ESLint,Atom x64\resources\app\apm\lib\git.js,Atom x64\resources\app\apm\lib,,4,Escalated,,
83001,Medium,665.0,Initialization,ESLint,Atom x64\resources\app\apm\lib\rebuild-module-cache.js,Atom x64\resources\app\apm\lib,,73,False Positive,,
83002,Medium,665.0,Initialization,ESLint,Atom x64\resources\app\apm\lib\rebuild-module-cache.js,Atom x64\resources\app\apm\lib,,10,False Positive,,
83004,High,77.0,Command Injection,ESLint,Atom x64\resources\app\apm\lib\rebuild-module-cache.js,Atom x64\resources\app\apm\lib,,48,Escalated,,
83005,Medium,665.0,Initialization,ESLint,Atom x64\resources\app\apm\lib\rebuild-module-cache.js,Atom x64\resources\app\apm\lib,,16,False Positive,,
83006,Medium,665.0,Initialization,ESLint,Atom x64\resources\app\apm\lib\rebuild-module-cache.js,Atom x64\resources\app\apm\lib,,32,False Positive,,
83007,Medium,665.0,Initialization,ESLint,Atom x64\resources\app\apm\lib\rebuild-module-cache.js,Atom x64\resources\app\apm\lib,,6,False Positive,,
83008,Medium,665.0,Initialization,ESLint,Atom x64\resources\app\apm\lib\rebuild-module-cache.js,Atom x64\resources\app\apm\lib,,4,False Positive,,
83009,Medium,665.0,Initialization,ESLint,Atom x64\resources\app\apm\lib\rebuild-module-cache.js,Atom x64\resources\app\apm\lib,,8,False Positive,,
83013,Medium,665.0,Initialization,ESLint,Atom x64\resources\app\apm\lib\rebuild-module-cache.js,Atom x64\resources\app\apm\lib,,12,False Positive,,
83014,Medium,665.0,Initialization,ESLint,Atom x64\resources\app\apm\lib\rebuild-module-cache.js,Atom x64\resources\app\apm\lib,,48,False Positive,,
83017,Medium,665.0,Initialization,ESLint,Atom x64\resources\app\apm\lib\rebuild-module-cache.js,Atom x64\resources\app\apm\lib,,14,False Positive,,
84423,Medium,665.0,Initialization,ESLint,Atom x64\resources\app\apm\lib\featured.js,Atom x64\resources\app\apm\lib,,16,False Positive,,
84424,Medium,665.0,Initialization,ESLint,Atom x64\resources\app\apm\lib\featured.js,Atom x64\resources\app\apm\lib,,6,False Positive,,
84425,Medium,665.0,Initialization,ESLint,Atom x64\resources\app\apm\lib\featured.js,Atom x64\resources\app\apm\lib,,14,False Positive,,
84426,Medium,665.0,Initialization,ESLint,Atom x64\resources\app\apm\lib\featured.js,Atom x64\resources\app\apm\lib,,12,False Positive,,
84428,Medium,665.0,Initialization,ESLint,Atom x64\resources\app\apm\lib\featured.js,Atom x64\resources\app\apm\lib,,4,False Positive,,
84433,Medium,665.0,Initialization,ESLint,Atom x64\resources\app\apm\lib\featured.js,Atom x64\resources\app\apm\lib,,8,False Positive,,
84439,Medium,665.0,Initialization,ESLint,Atom x64\resources\app\apm\lib\featured.js,Atom x64\resources\app\apm\lib,,10,False Positive,,
85078,Medium,665.0,Initialization,ESLint,Atom x64\resources\app\apm\lib\dedupe.js,Atom x64\resources\app\apm\lib,,12,False Positive,,
85079,High,697.0,Comparison,ESLint,Atom x64\resources\app\apm\lib\dedupe.js,Atom x64\resources\app\apm\lib,,52,Escalated,,
85081,High,79.0,Cross-site Scripting (XSS),ESLint,Atom x64\resources\app\apm\lib\dedupe.js,Atom x64\resources\app\apm\lib,,31,Escalated,,
85083,Medium,665.0,Initialization,ESLint,Atom x64\resources\app\apm\lib\dedupe.js,Atom x64\resources\app\apm\lib,,18,False Positive,,
85084,Medium,665.0,Initialization,ESLint,Atom x64\resources\app\apm\lib\dedupe.js,Atom x64\resources\app\apm\lib,,6,False Positive,,
85086,High,77.0,Command Injection,ESLint,Atom x64\resources\app\apm\lib\dedupe.js,Atom x64\resources\app\apm\lib,,57,False Positive,,
85087,Medium,665.0,Initialization,ESLint,Atom x64\resources\app\apm\lib\dedupe.js,Atom x64\resources\app\apm\lib,,16,False Positive,,
85088,Medium,665.0,Initialization,ESLint,Atom x64\resources\app\apm\lib\dedupe.js,Atom x64\resources\app\apm\lib,,10,False Positive,,
85093,Medium,665.0,Initialization,ESLint,Atom x64\resources\app\apm\lib\dedupe.js,Atom x64\resources\app\apm\lib,,14,False Positive,,
85096,Medium,665.0,Initialization,ESLint,Atom x64\resources\app\apm\lib\dedupe.js,Atom x64\resources\app\apm\lib,,25,False Positive,,
85097,Medium,665.0,Initialization,ESLint,Atom x64\resources\app\apm\lib\dedupe.js,Atom x64\resources\app\apm\lib,,36,False Positive,,
85098,Medium,665.0,Initialization,ESLint,Atom x64\resources\app\apm\lib\dedupe.js,Atom x64\resources\app\apm\lib,,4,False Positive,,
85101,Medium,665.0,Initialization,ESLint,Atom x64\resources\app\apm\lib\dedupe.js,Atom x64\resources\app\apm\lib,,8,False Positive,,
85104,Medium,665.0,Initialization,ESLint,Atom x64\resources\app\apm\lib\dedupe.js,Atom x64\resources\app\apm\lib,,61,False Positive,,
85626,Medium,665.0,Initialization,ESLint,Atom x64\resources\app\apm\lib\tree.js,Atom x64\resources\app\apm\lib,,6,False Positive,,
85628,High,77.0,Command Injection,ESLint,Atom x64\resources\app\apm\lib\tree.js,Atom x64\resources\app\apm\lib,,23,False Positive,,
85629,Medium,665.0,Initialization,ESLint,Atom x64\resources\app\apm\lib\tree.js,Atom x64\resources\app\apm\lib,,4,False Positive,,
86031,Medium,665.0,Initialization,ESLint,Atom x64\resources\app\apm\lib\search.js,Atom x64\resources\app\apm\lib,,12,False Positive,,
86032,Medium,665.0,Initialization,ESLint,Atom x64\resources\app\apm\lib\search.js,Atom x64\resources\app\apm\lib,,16,False Positive,,
86035,High,79.0,Cross-site Scripting (XSS),ESLint,Atom x64\resources\app\apm\lib\search.js,Atom x64\resources\app\apm\lib,,23,Escalated,,
86039,Medium,665.0,Initialization,ESLint,Atom x64\resources\app\apm\lib\search.js,Atom x64\resources\app\apm\lib,,4,False Positive,,
86042,Medium,665.0,Initialization,ESLint,Atom x64\resources\app\apm\lib\search.js,Atom x64\resources\app\apm\lib,,8,False Positive,,
86043,Medium,665.0,Initialization,ESLint,Atom x64\resources\app\apm\lib\search.js,Atom x64\resources\app\apm\lib,,18,False Positive,,
86046,Medium,665.0,Initialization,ESLint,Atom x64\resources\app\apm\lib\search.js,Atom x64\resources\app\apm\lib,,6,False Positive,,
86051,Medium,665.0,Initialization,ESLint,Atom x64\resources\app\apm\lib\search.js,Atom x64\resources\app\apm\lib,,10,False Positive,,
86052,Medium,665.0,Initialization,ESLint,Atom x64\resources\app\apm\lib\search.js,Atom x64\resources\app\apm\lib,,14,False Positive,,
86060,Medium,665.0,Initialization,ESLint,Atom x64\resources\app\apm\lib\test.js,Atom x64\resources\app\apm\lib,,12,False Positive,,
86061,Medium,665.0,Initialization,ESLint,Atom x64\resources\app\apm\lib\test.js,Atom x64\resources\app\apm\lib,,4,False Positive,,
86062,Medium,665.0,Initialization,ESLint,Atom x64\resources\app\apm\lib\test.js,Atom x64\resources\app\apm\lib,,8,False Positive,,
86064,Medium,665.0,Initialization,ESLint,Atom x64\resources\app\apm\lib\test.js,Atom x64\resources\app\apm\lib,,6,False Positive,,
86065,Medium,665.0,Initialization,ESLint,Atom x64\resources\app\apm\lib\test.js,Atom x64\resources\app\apm\lib,,10,False Positive,,
86066,High,22.0,Path Traversal,ESLint,Atom x64\resources\app\apm\lib\test.js,Atom x64\resources\app\apm\lib,,51,Escalated,,
86067,High,22.0,Path Traversal,ESLint,Atom x64\resources\app\apm\lib\test.js,Atom x64\resources\app\apm\lib,,32,Escalated,,
86068,Medium,665.0,Initialization,ESLint,Atom x64\resources\app\apm\lib\test.js,Atom x64\resources\app\apm\lib,,28,False Positive,,
86070,Medium,665.0,Initialization,ESLint,Atom x64\resources\app\apm\lib\test.js,Atom x64\resources\app\apm\lib,,14,False Positive,,
86071,Medium,665.0,Initialization,ESLint,Atom x64\resources\app\apm\lib\test.js,Atom x64\resources\app\apm\lib,,53,False Positive,,
86072,Medium,665.0,Initialization,ESLint,Atom x64\resources\app\apm\lib\test.js,Atom x64\resources\app\apm\lib,,38,False Positive,,
86073,Medium,665.0,Initialization,ESLint,Atom x64\resources\app\apm\lib\test.js,Atom x64\resources\app\apm\lib,,40,False Positive,,
86075,Medium,665.0,Initialization,ESLint,Atom x64\resources\app\apm\lib\test.js,Atom x64\resources\app\apm\lib,,34,False Positive,,
86077,High,22.0,Path Traversal,ESLint,Atom x64\resources\app\apm\lib\test.js,Atom x64\resources\app\apm\lib,,41,Escalated,,
86078,Medium,665.0,Initialization,ESLint,Atom x64\resources\app\apm\lib\test.js,Atom x64\resources\app\apm\lib,,71,False Positive,,
86079,Medium,665.0,Initialization,ESLint,Atom x64\resources\app\apm\lib\test.js,Atom x64\resources\app\apm\lib,,57,False Positive,,
86187,Medium,665.0,Initialization,ESLint,Atom x64\resources\app\apm\lib\docs.js,Atom x64\resources\app\apm\lib,,6,False Positive,,
86189,Medium,665.0,Initialization,ESLint,Atom x64\resources\app\apm\lib\docs.js,Atom x64\resources\app\apm\lib,,12,False Positive,,
86191,High,697.0,Comparison,ESLint,Atom x64\resources\app\apm\lib\docs.js,Atom x64\resources\app\apm\lib,,40,Escalated,,
86192,Medium,665.0,Initialization,ESLint,Atom x64\resources\app\apm\lib\docs.js,Atom x64\resources\app\apm\lib,,8,False Positive,,
86193,Medium,665.0,Initialization,ESLint,Atom x64\resources\app\apm\lib\docs.js,Atom x64\resources\app\apm\lib,,10,False Positive,,
86197,Medium,665.0,Initialization,ESLint,Atom x64\resources\app\apm\lib\docs.js,Atom x64\resources\app\apm\lib,,4,False Positive,,
86200,High,79.0,Cross-site Scripting (XSS),ESLint,Atom x64\resources\app\apm\lib\docs.js,Atom x64\resources\app\apm\lib,,17,Escalated,,
86214,Medium,665.0,Initialization,ESLint,Atom x64\resources\app\apm\lib\rebuild.js,Atom x64\resources\app\apm\lib,,16,False Positive,,
86215,High,697.0,Comparison,ESLint,Atom x64\resources\app\apm\lib\rebuild.js,Atom x64\resources\app\apm\lib,,40,Escalated,,
86216,Medium,665.0,Initialization,ESLint,Atom x64\resources\app\apm\lib\rebuild.js,Atom x64\resources\app\apm\lib,,24,False Positive,,
86219,Medium,665.0,Initialization,ESLint,Atom x64\resources\app\apm\lib\rebuild.js,Atom x64\resources\app\apm\lib,,44,False Positive,,
86220,Medium,665.0,Initialization,ESLint,Atom x64\resources\app\apm\lib\rebuild.js,Atom x64\resources\app\apm\lib,,6,False Positive,,
86222,Medium,665.0,Initialization,ESLint,Atom x64\resources\app\apm\lib\rebuild.js,Atom x64\resources\app\apm\lib,,18,False Positive,,
86223,High,79.0,Cross-site Scripting (XSS),ESLint,Atom x64\resources\app\apm\lib\rebuild.js,Atom x64\resources\app\apm\lib,,30,Escalated,,
86224,Medium,665.0,Initialization,ESLint,Atom x64\resources\app\apm\lib\rebuild.js,Atom x64\resources\app\apm\lib,,4,False Positive,,
86226,Medium,665.0,Initialization,ESLint,Atom x64\resources\app\apm\lib\rebuild.js,Atom x64\resources\app\apm\lib,,8,False Positive,,
86227,Medium,665.0,Initialization,ESLint,Atom x64\resources\app\apm\lib\rebuild.js,Atom x64\resources\app\apm\lib,,12,False Positive,,
86228,Medium,665.0,Initialization,ESLint,Atom x64\resources\app\apm\lib\rebuild.js,Atom x64\resources\app\apm\lib,,10,False Positive,,
86229,Medium,665.0,Initialization,ESLint,Atom x64\resources\app\apm\lib\rebuild.js,Atom x64\resources\app\apm\lib,,14,False Positive,,
86231,Medium,665.0,Initialization,ESLint,Atom x64\resources\app\apm\lib\rebuild.js,Atom x64\resources\app\apm\lib,,36,False Positive,,
87716,High,77.0,Command Injection,ESLint,Atom x64\resources\app\apm\lib\command.js,Atom x64\resources\app\apm\lib,,180,Escalated,,
87717,Medium,665.0,Initialization,ESLint,Atom x64\resources\app\apm\lib\command.js,Atom x64\resources\app\apm\lib,,16,False Positive,,
87718,Medium,665.0,Initialization,ESLint,Atom x64\resources\app\apm\lib\command.js,Atom x64\resources\app\apm\lib,,72,False Positive,,
87721,Medium,665.0,Initialization,ESLint,Atom x64\resources\app\apm\lib\command.js,Atom x64\resources\app\apm\lib,,10,False Positive,,
87722,Medium,665.0,Initialization,ESLint,Atom x64\resources\app\apm\lib\command.js,Atom x64\resources\app\apm\lib,,73,False Positive,,
87724,Medium,665.0,Initialization,ESLint,Atom x64\resources\app\apm\lib\command.js,Atom x64\resources\app\apm\lib,,75,False Positive,,
87725,Medium,665.0,Initialization,ESLint,Atom x64\resources\app\apm\lib\command.js,Atom x64\resources\app\apm\lib,,125,False Positive,,
87726,Medium,665.0,Initialization,ESLint,Atom x64\resources\app\apm\lib\command.js,Atom x64\resources\app\apm\lib,,33,False Positive,,
87728,Medium,665.0,Initialization,ESLint,Atom x64\resources\app\apm\lib\command.js,Atom x64\resources\app\apm\lib,,80,False Positive,,
87730,Medium,665.0,Initialization,ESLint,Atom x64\resources\app\apm\lib\command.js,Atom x64\resources\app\apm\lib,,4,False Positive,,
87732,High,77.0,Command Injection,ESLint,Atom x64\resources\app\apm\lib\command.js,Atom x64\resources\app\apm\lib,,4,Escalated,,
87733,Medium,665.0,Initialization,ESLint,Atom x64\resources\app\apm\lib\command.js,Atom x64\resources\app\apm\lib,,57,False Positive,,
87734,Medium,665.0,Initialization,ESLint,Atom x64\resources\app\apm\lib\command.js,Atom x64\resources\app\apm\lib,,81,False Positive,,
87735,Medium,665.0,Initialization,ESLint,Atom x64\resources\app\apm\lib\command.js,Atom x64\resources\app\apm\lib,,14,False Positive,,
87740,High,77.0,Command Injection,ESLint,Atom x64\resources\app\apm\lib\command.js,Atom x64\resources\app\apm\lib,,119,Escalated,,
87741,Medium,665.0,Initialization,ESLint,Atom x64\resources\app\apm\lib\command.js,Atom x64\resources\app\apm\lib,,119,False Positive,,
87742,High,697.0,Comparison,ESLint,Atom x64\resources\app\apm\lib\command.js,Atom x64\resources\app\apm\lib,,161,Escalated,,
87745,Medium,665.0,Initialization,ESLint,Atom x64\resources\app\apm\lib\command.js,Atom x64\resources\app\apm\lib,,83,False Positive,,
87747,Medium,665.0,Initialization,ESLint,Atom x64\resources\app\apm\lib\command.js,Atom x64\resources\app\apm\lib,,48,False Positive,,
87756,High,77.0,Command Injection,ESLint,Atom x64\resources\app\apm\lib\command.js,Atom x64\resources\app\apm\lib,,182,Escalated,,
87758,Medium,665.0,Initialization,ESLint,Atom x64\resources\app\apm\lib\command.js,Atom x64\resources\app\apm\lib,,8,False Positive,,
87760,Medium,665.0,Initialization,ESLint,Atom x64\resources\app\apm\lib\command.js,Atom x64\resources\app\apm\lib,,6,False Positive,,
87762,High,77.0,Command Injection,ESLint,Atom x64\resources\app\apm\lib\command.js,Atom x64\resources\app\apm\lib,,179,Escalated,,
87763,Medium,665.0,Initialization,ESLint,Atom x64\resources\app\apm\lib\command.js,Atom x64\resources\app\apm\lib,,177,False Positive,,
87764,Medium,665.0,Initialization,ESLint,Atom x64\resources\app\apm\lib\command.js,Atom x64\resources\app\apm\lib,,40,False Positive,,
87766,Medium,665.0,Initialization,ESLint,Atom x64\resources\app\apm\lib\command.js,Atom x64\resources\app\apm\lib,,135,False Positive,,
87772,Medium,665.0,Initialization,ESLint,Atom x64\resources\app\apm\lib\command.js,Atom x64\resources\app\apm\lib,,12,False Positive,,
88061,High,77.0,Command Injection,ESLint,Atom x64\resources\app\apm\lib\uninstall.js,Atom x64\resources\app\apm\lib,,79,False Positive,,
88063,Medium,665.0,Initialization,ESLint,Atom x64\resources\app\apm\lib\uninstall.js,Atom x64\resources\app\apm\lib,,81,False Positive,,
88065,High,22.0,Path Traversal,ESLint,Atom x64\resources\app\apm\lib\uninstall.js,Atom x64\resources\app\apm\lib,,100,Escalated,,
88071,Medium,665.0,Initialization,ESLint,Atom x64\resources\app\apm\lib\uninstall.js,Atom x64\resources\app\apm\lib,,14,False Positive,,
88073,Medium,665.0,Initialization,ESLint,Atom x64\resources\app\apm\lib\uninstall.js,Atom x64\resources\app\apm\lib,,20,False Positive,,
88074,Medium,665.0,Initialization,ESLint,Atom x64\resources\app\apm\lib\uninstall.js,Atom x64\resources\app\apm\lib,,4,False Positive,,
88081,Medium,665.0,Initialization,ESLint,Atom x64\resources\app\apm\lib\uninstall.js,Atom x64\resources\app\apm\lib,,6,False Positive,,
88083,High,22.0,Path Traversal,ESLint,Atom x64\resources\app\apm\lib\uninstall.js,Atom x64\resources\app\apm\lib,,36,Escalated,,
88085,Medium,665.0,Initialization,ESLint,Atom x64\resources\app\apm\lib\uninstall.js,Atom x64\resources\app\apm\lib,,8,False Positive,,
88087,High,79.0,Cross-site Scripting (XSS),ESLint,Atom x64\resources\app\apm\lib\uninstall.js,Atom x64\resources\app\apm\lib,,27,Escalated,,
88089,Medium,665.0,Initialization,ESLint,Atom x64\resources\app\apm\lib\uninstall.js,Atom x64\resources\app\apm\lib,,18,False Positive,,
88090,Medium,665.0,Initialization,ESLint,Atom x64\resources\app\apm\lib\uninstall.js,Atom x64\resources\app\apm\lib,,83,False Positive,,
88091,High,22.0,Path Traversal,ESLint,Atom x64\resources\app\apm\lib\uninstall.js,Atom x64\resources\app\apm\lib,,88,Escalated,,
88092,Medium,665.0,Initialization,ESLint,Atom x64\resources\app\apm\lib\uninstall.js,Atom x64\resources\app\apm\lib,,12,False Positive,,
88093,Medium,665.0,Initialization,ESLint,Atom x64\resources\app\apm\lib\uninstall.js,Atom x64\resources\app\apm\lib,,16,False Positive,,
88094,Medium,665.0,Initialization,ESLint,Atom x64\resources\app\apm\lib\uninstall.js,Atom x64\resources\app\apm\lib,,22,False Positive,,
88096,Medium,665.0,Initialization,ESLint,Atom x64\resources\app\apm\lib\uninstall.js,Atom x64\resources\app\apm\lib,,10,False Positive,,
88219,High,77.0,Command Injection,ESLint,Atom x64\resources\app\apm\script\bundled-node-version.js,Atom x64\resources\app\apm\script,,1,Escalated,,
88220,High,77.0,Command Injection,ESLint,Atom x64\resources\app\apm\script\bundled-node-version.js,Atom x64\resources\app\apm\script,,4,Escalated,,
88221,High,77.0,Command Injection,ESLint,Atom x64\resources\app\apm\script\bundled-node-version.js,Atom x64\resources\app\apm\script,,15,Escalated,,
88222,Medium,665.0,Initialization,ESLint,Atom x64\resources\app\apm\script\bundled-node-version.js,Atom x64\resources\app\apm\script,,1,False Positive,,
88223,Medium,665.0,Initialization,ESLint,Atom x64\resources\app\apm\script\bundled-node-version.js,Atom x64\resources\app\apm\script,,3,False Positive,,
88362,Medium,665.0,Initialization,ESLint,Atom x64\resources\app\apm\lib\list.js,Atom x64\resources\app\apm\lib,,12,False Positive,,
88367,Medium,665.0,Initialization,ESLint,Atom x64\resources\app\apm\lib\list.js,Atom x64\resources\app\apm\lib,,4,False Positive,,
88371,High,77.0,Command Injection,ESLint,Atom x64\resources\app\apm\lib\list.js,Atom x64\resources\app\apm\lib,,196,Escalated,,
88376,Medium,665.0,Initialization,ESLint,Atom x64\resources\app\apm\lib\list.js,Atom x64\resources\app\apm\lib,,10,False Positive,,
88377,Medium,665.0,Initialization,ESLint,Atom x64\resources\app\apm\lib\list.js,Atom x64\resources\app\apm\lib,,22,False Positive,,
88378,High,697.0,Comparison,ESLint,Atom x64\resources\app\apm\lib\list.js,Atom x64\resources\app\apm\lib,,29,Escalated,,
88379,High,77.0,Command Injection,ESLint,Atom x64\resources\app\apm\lib\list.js,Atom x64\resources\app\apm\lib,,113,False Positive,,
88383,High,77.0,Command Injection,ESLint,Atom x64\resources\app\apm\lib\list.js,Atom x64\resources\app\apm\lib,,95,Escalated,,
88384,High,77.0,Command Injection,ESLint,Atom x64\resources\app\apm\lib\list.js,Atom x64\resources\app\apm\lib,,97,Escalated,,
88387,Medium,665.0,Initialization,ESLint,Atom x64\resources\app\apm\lib\list.js,Atom x64\resources\app\apm\lib,,6,False Positive,,
88398,Medium,665.0,Initialization,ESLint,Atom x64\resources\app\apm\lib\list.js,Atom x64\resources\app\apm\lib,,18,False Positive,,
88399,High,697.0,Comparison,ESLint,Atom x64\resources\app\apm\lib\list.js,Atom x64\resources\app\apm\lib,,126,Escalated,,
88402,Medium,665.0,Initialization,ESLint,Atom x64\resources\app\apm\lib\list.js,Atom x64\resources\app\apm\lib,,20,False Positive,,
88407,High,77.0,Command Injection,ESLint,Atom x64\resources\app\apm\lib\list.js,Atom x64\resources\app\apm\lib,,63,False Positive,,
88408,Medium,665.0,Initialization,ESLint,Atom x64\resources\app\apm\lib\list.js,Atom x64\resources\app\apm\lib,,8,False Positive,,
88410,High,22.0,Path Traversal,ESLint,Atom x64\resources\app\apm\lib\list.js,Atom x64\resources\app\apm\lib,,31,Escalated,,
88413,High,22.0,Path Traversal,ESLint,Atom x64\resources\app\apm\lib\list.js,Atom x64\resources\app\apm\lib,,128,Escalated,,
88414,Medium,665.0,Initialization,ESLint,Atom x64\resources\app\apm\lib\list.js,Atom x64\resources\app\apm\lib,,16,False Positive,,
88419,Medium,665.0,Initialization,ESLint,Atom x64\resources\app\apm\lib\list.js,Atom x64\resources\app\apm\lib,,14,False Positive,,
88420,High,22.0,Path Traversal,ESLint,Atom x64\resources\app\apm\lib\list.js,Atom x64\resources\app\apm\lib,,187,Escalated,,
88463,High,22.0,Path Traversal,ESLint,Atom x64\resources\app\apm\lib\fs.js,Atom x64\resources\app\apm\lib,,21,Escalated,,
88464,Medium,665.0,Initialization,ESLint,Atom x64\resources\app\apm\lib\fs.js,Atom x64\resources\app\apm\lib,,6,False Positive,,
88465,Medium,665.0,Initialization,ESLint,Atom x64\resources\app\apm\lib\fs.js,Atom x64\resources\app\apm\lib,,14,False Positive,,
88466,High,22.0,Path Traversal,ESLint,Atom x64\resources\app\apm\lib\fs.js,Atom x64\resources\app\apm\lib,,48,Escalated,,
88467,High,77.0,Command Injection,ESLint,Atom x64\resources\app\apm\lib\fs.js,Atom x64\resources\app\apm\lib,,56,Escalated,,
88472,Medium,665.0,Initialization,ESLint,Atom x64\resources\app\apm\lib\fs.js,Atom x64\resources\app\apm\lib,,8,False Positive,,
88473,High,77.0,Command Injection,ESLint,Atom x64\resources\app\apm\lib\fs.js,Atom x64\resources\app\apm\lib,,59,Escalated,,
88474,Medium,665.0,Initialization,ESLint,Atom x64\resources\app\apm\lib\fs.js,Atom x64\resources\app\apm\lib,,4,False Positive,,
88475,Medium,665.0,Initialization,ESLint,Atom x64\resources\app\apm\lib\fs.js,Atom x64\resources\app\apm\lib,,10,False Positive,,
88476,Medium,665.0,Initialization,ESLint,Atom x64\resources\app\apm\lib\fs.js,Atom x64\resources\app\apm\lib,,12,False Positive,,
88477,Medium,665.0,Initialization,ESLint,Atom x64\resources\app\apm\lib\fs.js,Atom x64\resources\app\apm\lib,,54,False Positive,,
89031,Medium,665.0,Initialization,ESLint,Atom x64\resources\app\apm\lib\text-mate-theme.js,Atom x64\resources\app\apm\lib,,4,False Positive,,
89034,High,77.0,Command Injection,ESLint,Atom x64\resources\app\apm\lib\text-mate-theme.js,Atom x64\resources\app\apm\lib,,150,False Positive,,
89038,High,77.0,Command Injection,ESLint,Atom x64\resources\app\apm\lib\text-mate-theme.js,Atom x64\resources\app\apm\lib,,50,False Positive,,
89041,High,77.0,Command Injection,ESLint,Atom x64\resources\app\apm\lib\text-mate-theme.js,Atom x64\resources\app\apm\lib,,24,False Positive,,
89042,High,185.0,Detect non literal regexp,ESLint,Atom x64\resources\app\apm\lib\text-mate-theme.js,Atom x64\resources\app\apm\lib,,74,Escalated,,
89043,High,77.0,Command Injection,ESLint,Atom x64\resources\app\apm\lib\text-mate-theme.js,Atom x64\resources\app\apm\lib,,73,Escalated,,
89044,High,77.0,Command Injection,ESLint,Atom x64\resources\app\apm\lib\text-mate-theme.js,Atom x64\resources\app\apm\lib,,53,Escalated,,
89048,Medium,665.0,Initialization,ESLint,Atom x64\resources\app\apm\lib\text-mate-theme.js,Atom x64\resources\app\apm\lib,,8,False Positive,,
89049,Medium,665.0,Initialization,ESLint,Atom x64\resources\app\apm\lib\text-mate-theme.js,Atom x64\resources\app\apm\lib,,6,False Positive,,
89050,Medium,665.0,Initialization,ESLint,Atom x64\resources\app\apm\lib\text-mate-theme.js,Atom x64\resources\app\apm\lib,,10,False Positive,,
89546,Medium,665.0,Initialization,ESLint,Atom x64\resources\app\apm\script\download-node.js,Atom x64\resources\app\apm\script,,75,False Positive,,
89547,Medium,665.0,Initialization,ESLint,Atom x64\resources\app\apm\script\download-node.js,Atom x64\resources\app\apm\script,,57,False Positive,,
89548,Medium,665.0,Initialization,ESLint,Atom x64\resources\app\apm\script\download-node.js,Atom x64\resources\app\apm\script,,98,False Positive,,
89549,Medium,665.0,Initialization,ESLint,Atom x64\resources\app\apm\script\download-node.js,Atom x64\resources\app\apm\script,,102,False Positive,,
89552,High,22.0,Path Traversal,ESLint,Atom x64\resources\app\apm\script\download-node.js,Atom x64\resources\app\apm\script,,65,Escalated,,
89553,Medium,665.0,Initialization,ESLint,Atom x64\resources\app\apm\script\download-node.js,Atom x64\resources\app\apm\script,,30,False Positive,,
89555,High,22.0,Path Traversal,ESLint,Atom x64\resources\app\apm\script\download-node.js,Atom x64\resources\app\apm\script,,83,Escalated,,
89556,High,22.0,Path Traversal,ESLint,Atom x64\resources\app\apm\script\download-node.js,Atom x64\resources\app\apm\script,,23,Escalated,,
89557,Medium,665.0,Initialization,ESLint,Atom x64\resources\app\apm\script\download-node.js,Atom x64\resources\app\apm\script,,18,False Positive,,
89558,Medium,665.0,Initialization,ESLint,Atom x64\resources\app\apm\script\download-node.js,Atom x64\resources\app\apm\script,,79,False Positive,,
89559,Medium,665.0,Initialization,ESLint,Atom x64\resources\app\apm\script\download-node.js,Atom x64\resources\app\apm\script,,4,False Positive,,
89560,Medium,665.0,Initialization,ESLint,Atom x64\resources\app\apm\script\download-node.js,Atom x64\resources\app\apm\script,,15,False Positive,,
89561,Medium,665.0,Initialization,ESLint,Atom x64\resources\app\apm\script\download-node.js,Atom x64\resources\app\apm\script,,104,False Positive,,
89562,Medium,665.0,Initialization,ESLint,Atom x64\resources\app\apm\script\download-node.js,Atom x64\resources\app\apm\script,,2,False Positive,,
89563,Medium,665.0,Initialization,ESLint,Atom x64\resources\app\apm\script\download-node.js,Atom x64\resources\app\apm\script,,6,False Positive,,
89564,Medium,665.0,Initialization,ESLint,Atom x64\resources\app\apm\script\download-node.js,Atom x64\resources\app\apm\script,,3,False Positive,,
89565,Medium,665.0,Initialization,ESLint,Atom x64\resources\app\apm\script\download-node.js,Atom x64\resources\app\apm\script,,49,False Positive,,
89566,Medium,665.0,Initialization,ESLint,Atom x64\resources\app\apm\script\download-node.js,Atom x64\resources\app\apm\script,,7,False Positive,,
89567,Medium,665.0,Initialization,ESLint,Atom x64\resources\app\apm\script\download-node.js,Atom x64\resources\app\apm\script,,10,False Positive,,
89568,Medium,665.0,Initialization,ESLint,Atom x64\resources\app\apm\script\download-node.js,Atom x64\resources\app\apm\script,,17,False Positive,,
89569,Medium,665.0,Initialization,ESLint,Atom x64\resources\app\apm\script\download-node.js,Atom x64\resources\app\apm\script,,9,False Positive,,
89570,Medium,665.0,Initialization,ESLint,Atom x64\resources\app\apm\script\download-node.js,Atom x64\resources\app\apm\script,,72,False Positive,,
89571,High,22.0,Path Traversal,ESLint,Atom x64\resources\app\apm\script\download-node.js,Atom x64\resources\app\apm\script,,98,Escalated,,
89572,Medium,665.0,Initialization,ESLint,Atom x64\resources\app\apm\script\download-node.js,Atom x64\resources\app\apm\script,,87,False Positive,,
89573,Medium,665.0,Initialization,ESLint,Atom x64\resources\app\apm\script\download-node.js,Atom x64\resources\app\apm\script,,1,False Positive,,
